Time,Mode,MainV,MPPTV,TargetV,Error,Current,Power,PWM
2025-12-29T23:29:46.842Z,a,0,4.91,0,0,127,0.62,241
2025-12-29T23:29:46.842Z,a,0,4.91,0,0,127,0.62,241
2025-12-29T23:29:47.486Z,a,0.81,4.77,0,0,136,0.65,219
2025-12-29T23:29:47.489Z,a,0.81,4.77,0,0,136,0.65,219
2025-12-29T23:29:48.131Z,a,0.9,4.33,0,0,131,0.57,151
2025-12-29T23:29:48.131Z,a,0.9,4.33,0,0,131,0.57,151
2025-12-29T23:29:48.769Z,a,1.12,4.93,0,0,94,0.46,242
2025-12-29T23:29:48.772Z,a,1.12,4.93,0,0,94,0.46,242
2025-12-29T23:29:49.417Z,a,0.68,4.01,0,0,290,1.16,101
2025-12-29T23:29:49.418Z,a,0.68,4.01,0,0,290,1.16,101
2025-12-29T23:29:50.062Z,a,0.15,4.08,0,0,281,1.15,112
2025-12-29T23:29:50.064Z,a,0.15,4.08,0,0,281,1.15,112
2025-12-29T23:29:50.706Z,a,0.17,4.17,0,0,299,1.25,126
2025-12-29T23:29:50.706Z,a,0.17,4.17,0,0,299,1.25,126
2025-12-29T23:29:51.352Z,a,0.17,4.17,0,0,289,1.21,126
2025-12-29T23:29:51.355Z,a,0.17,4.17,0,0,289,1.21,126
2025-12-29T23:29:51.995Z,a,0.27,4.37,0,0,143,0.62,157
2025-12-29T23:29:51.996Z,a,0.27,4.37,0,0,143,0.62,157
2025-12-29T23:29:52.641Z,a,0.22,4.18,0,0,262,1.1,126
2025-12-29T23:29:52.639Z,a,0.22,4.18,0,0,262,1.1,126
2025-12-29T23:29:53.283Z,a,0.22,4.54,0,0,111,0.5,183
2025-12-29T23:29:53.283Z,a,0.22,4.54,0,0,111,0.5,183
2025-12-29T23:29:53.927Z,a,1.17,4.13,0,0,287,1.19,120
2025-12-29T23:29:53.927Z,a,1.17,4.13,0,0,287,1.19,120
2025-12-29T23:29:54.571Z,a,1.25,4.03,0,0,259,1.04,104
2025-12-29T23:29:54.571Z,a,1.25,4.03,0,0,259,1.04,104
2025-12-29T23:29:55.215Z,a,1.1,4.01,0,0,260,1.04,101
2025-12-29T23:29:55.218Z,a,1.1,4.01,0,0,260,1.04,101
2025-12-29T23:29:55.860Z,a,0.17,4,0,0,281,1.12,100
2025-12-29T23:29:55.860Z,a,0.17,4,0,0,281,1.12,100
2025-12-29T23:29:56.500Z,a,0.2,4.33,0,0,89,0.39,151
2025-12-29T23:29:56.499Z,a,0.2,4.33,0,0,89,0.39,151
2025-12-29T23:29:57.147Z,a,0.12,4.61,0,0,140,0.65,194
2025-12-29T23:29:57.148Z,a,0.12,4.61,0,0,140,0.65,194
2025-12-29T23:29:57.791Z,a,0.71,4.84,0,0,136,0.66,230
2025-12-29T23:29:57.792Z,a,0.71,4.84,0,0,136,0.66,230
2025-12-29T23:29:58.435Z,a,0.66,4.18,0,0,296,1.24,126
2025-12-29T23:29:58.436Z,a,0.66,4.18,0,0,296,1.24,126
2025-12-29T23:29:59.079Z,a,0.22,4.64,0,0,127,0.59,199
2025-12-29T23:29:59.081Z,a,0.22,4.64,0,0,127,0.59,199
2025-12-29T23:29:59.724Z,a,1.1,4.62,0,0,139,0.64,196
2025-12-29T23:29:59.724Z,a,1.1,4.62,0,0,139,0.64,196
2025-12-29T23:30:00.363Z,a,0.95,4.81,0,0,88,0.42,225
2025-12-29T23:30:00.363Z,a,0.95,4.81,0,0,88,0.42,225
2025-12-29T23:30:01.011Z,a,0.76,4.67,0,0,114,0.53,203
2025-12-29T23:30:01.011Z,a,0.76,4.67,0,0,114,0.53,203
2025-12-29T23:30:01.650Z,a,0.78,4.73,0,0,96,0.45,213
2025-12-29T23:30:01.651Z,a,0.78,4.73,0,0,96,0.45,213
2025-12-29T23:30:02.299Z,a,0.73,4.52,0,0,147,0.66,180
2025-12-29T23:30:02.299Z,a,0.73,4.52,0,0,147,0.66,180
2025-12-29T23:30:02.943Z,a,0.76,4.78,0,0,104,0.5,220
2025-12-29T23:30:02.944Z,a,0.76,4.78,0,0,104,0.5,220
2025-12-29T23:30:03.587Z,a,0.68,4.38,0,0,144,0.63,158
2025-12-29T23:30:03.588Z,a,0.68,4.38,0,0,144,0.63,158
2025-12-29T23:30:04.231Z,a,0.17,4.24,0,0,138,0.59,135
2025-12-29T23:30:04.231Z,a,0.17,4.24,0,0,138,0.59,135
2025-12-29T23:30:04.875Z,a,0.39,4.24,0,0,116,0.49,135
2025-12-29T23:30:04.876Z,a,0.39,4.24,0,0,116,0.49,135
2025-12-29T23:30:05.520Z,a,1.34,4.16,0,0,252,1.05,124
2025-12-29T23:30:05.520Z,a,1.34,4.16,0,0,252,1.05,124
2025-12-29T23:30:06.164Z,a,1.27,4.54,0,0,148,0.67,183
2025-12-29T23:30:06.165Z,a,1.27,4.54,0,0,148,0.67,183
2025-12-29T23:30:06.803Z,a,0.95,4.64,0,0,95,0.44,199
2025-12-29T23:30:06.804Z,a,0.95,4.64,0,0,95,0.44,199
2025-12-29T23:30:07.446Z,a,0.81,4.52,0,0,95,0.43,180
2025-12-29T23:30:07.447Z,a,0.81,4.52,0,0,95,0.43,180
2025-12-29T23:30:08.095Z,a,0.81,4.22,0,0,132,0.56,132
2025-12-29T23:30:08.095Z,a,0.81,4.22,0,0,132,0.56,132
2025-12-29T23:30:08.734Z,a,0.12,4.39,0,0,97,0.43,160
2025-12-29T23:30:08.734Z,a,0.12,4.39,0,0,97,0.43,160
2025-12-29T23:30:09.377Z,a,0.12,4.51,0,0,87,0.39,179
2025-12-29T23:30:09.377Z,a,0.12,4.51,0,0,87,0.39,179
2025-12-29T23:30:10.020Z,a,0.12,4.98,0,0,96,0.48,251
2025-12-29T23:30:10.021Z,a,0.12,4.98,0,0,96,0.48,251
2025-12-29T23:30:10.668Z,a,0.66,4.46,0,0,149,0.66,171
2025-12-29T23:30:10.669Z,a,0.66,4.46,0,0,149,0.66,171
2025-12-29T23:30:11.312Z,a,0,4.65,0,0,101,0.47,200
2025-12-29T23:30:11.313Z,a,0,4.65,0,0,101,0.47,200
2025-12-29T23:30:11.957Z,a,1.12,4.54,0,0,106,0.48,183
2025-12-29T23:30:11.957Z,a,1.12,4.54,0,0,106,0.48,183
2025-12-29T23:30:12.596Z,a,1.08,4.48,0,0,84,0.38,174
2025-12-29T23:30:12.596Z,a,1.08,4.48,0,0,84,0.38,174
2025-12-29T23:30:13.244Z,a,1.03,4.92,0,0,137,0.67,242
2025-12-29T23:30:13.244Z,a,1.03,4.92,0,0,137,0.67,242
2025-12-29T23:30:13.883Z,a,0.68,4.77,0,0,83,0.4,219
2025-12-29T23:30:13.884Z,a,0.68,4.77,0,0,83,0.4,219
2025-12-29T23:30:14.531Z,a,0.71,4.93,0,0,115,0.57,242
2025-12-29T23:30:14.532Z,a,0.71,4.93,0,0,115,0.57,242
2025-12-29T23:30:15.171Z,a,0.66,4.97,0,0,92,0.46,248
2025-12-29T23:30:15.171Z,a,0.66,4.97,0,0,92,0.46,248
2025-12-29T23:30:15.819Z,a,0.66,4.56,0,0,103,0.47,186
2025-12-29T23:30:15.819Z,a,0.66,4.56,0,0,103,0.47,186
2025-12-29T23:30:16.463Z,a,0.71,4.13,0,0,252,1.04,120
2025-12-29T23:30:16.464Z,a,0.71,4.13,0,0,252,1.04,120
2025-12-29T23:30:17.127Z,a,0.42,4.05,0,0,270,1.09,107
2025-12-29T23:30:17.128Z,a,0.42,4.05,0,0,270,1.09,107
2025-12-29T23:30:17.755Z,a,0.39,4.03,0,0,281,1.13,104
2025-12-29T23:30:17.755Z,a,0.39,4.03,0,0,281,1.13,104
2025-12-29T23:30:18.390Z,a,1.34,4.48,0,0,99,0.44,174
2025-12-29T23:30:18.391Z,a,1.34,4.48,0,0,99,0.44,174
2025-12-29T23:30:19.039Z,a,1.12,4.56,0,0,105,0.48,186
2025-12-29T23:30:19.040Z,a,1.12,4.56,0,0,105,0.48,186
2025-12-29T23:30:19.683Z,a,0.93,4.29,0,0,148,0.63,144
2025-12-29T23:30:19.684Z,a,0.93,4.29,0,0,148,0.63,144
2025-12-29T23:30:20.327Z,a,0.95,4.65,0,0,140,0.65,200
2025-12-29T23:30:20.328Z,a,0.95,4.65,0,0,140,0.65,200
2025-12-29T23:30:20.971Z,a,0.76,4.37,0,0,130,0.57,157
2025-12-29T23:30:20.972Z,a,0.76,4.37,0,0,130,0.57,157
2025-12-29T23:30:21.616Z,a,0.81,4.66,0,0,102,0.48,202
2025-12-29T23:30:21.617Z,a,0.81,4.66,0,0,102,0.48,202
2025-12-29T23:30:22.255Z,a,0.68,4.82,0,0,82,0.4,227
2025-12-29T23:30:22.256Z,a,0.68,4.82,0,0,82,0.4,227
2025-12-29T23:30:22.903Z,a,0.66,4.87,0,0,112,0.55,234
2025-12-29T23:30:22.904Z,a,0.66,4.87,0,0,112,0.55,234
2025-12-29T23:30:23.547Z,a,0.1,4.07,0,0,284,1.16,110
2025-12-29T23:30:23.548Z,a,0.1,4.07,0,0,284,1.16,110
2025-12-29T23:30:24.191Z,a,1.34,4.67,0,0,114,0.53,203
2025-12-29T23:30:24.193Z,a,1.34,4.67,0,0,114,0.53,203
2025-12-29T23:30:24.836Z,a,0.95,4.7,0,0,132,0.62,206
2025-12-29T23:30:24.836Z,a,0.95,4.7,0,0,132,0.62,206
2025-12-29T23:30:25.480Z,a,0.86,4.7,0,0,101,0.47,206
2025-12-29T23:30:25.481Z,a,0.86,4.7,0,0,101,0.47,206
2025-12-29T23:30:26.124Z,a,0.78,4.33,0,0,135,0.58,151
2025-12-29T23:30:26.124Z,a,0.78,4.33,0,0,135,0.58,151
2025-12-29T23:30:26.769Z,a,0.86,4.56,0,0,100,0.46,186
2025-12-29T23:30:26.770Z,a,0.86,4.56,0,0,100,0.46,186
2025-12-29T23:30:27.412Z,a,0.73,4.07,0,0,276,1.12,110
2025-12-29T23:30:27.413Z,a,0.73,4.07,0,0,276,1.12,110
2025-12-29T23:30:28.057Z,a,0.32,4.54,0,0,128,0.58,183
2025-12-29T23:30:28.057Z,a,0.32,4.54,0,0,128,0.58,183
2025-12-29T23:30:28.701Z,a,0.12,4.11,0,0,261,1.07,117
2025-12-29T23:30:28.702Z,a,0.12,4.11,0,0,261,1.07,117
2025-12-29T23:30:29.345Z,a,0.49,4.82,0,0,128,0.62,227
2025-12-29T23:30:29.346Z,a,0.49,4.82,0,0,128,0.62,227
2025-12-29T23:30:29.989Z,a,0.9,4.67,0,0,142,0.66,203
2025-12-29T23:30:29.990Z,a,0.9,4.67,0,0,142,0.66,203
2025-12-29T23:30:30.634Z,a,0.95,4.64,0,0,120,0.56,199
2025-12-29T23:30:30.634Z,a,0.95,4.64,0,0,120,0.56,199
2025-12-29T23:30:31.278Z,a,0.86,4.29,0,0,131,0.56,144
2025-12-29T23:30:31.278Z,a,0.86,4.29,0,0,131,0.56,144
2025-12-29T23:30:31.917Z,a,0.95,4.39,0,0,80,0.35,160
2025-12-29T23:30:31.918Z,a,0.95,4.39,0,0,80,0.35,160
2025-12-29T23:30:32.565Z,a,0.86,4.78,0,0,145,0.69,220
2025-12-29T23:30:32.566Z,a,0.86,4.78,0,0,145,0.69,220
2025-12-29T23:30:33.210Z,a,0.71,4.62,0,0,148,0.68,196
2025-12-29T23:30:33.210Z,a,0.71,4.62,0,0,148,0.68,196
2025-12-29T23:30:33.854Z,a,0.71,4.35,0,0,103,0.45,154
2025-12-29T23:30:33.854Z,a,0.71,4.35,0,0,103,0.45,154
2025-12-29T23:30:34.498Z,a,0.15,4.64,0,0,127,0.59,199
2025-12-29T23:30:34.499Z,a,0.15,4.64,0,0,127,0.59,199
2025-12-29T23:30:39.085Z,a,0.15,4.13,0,0,276,1.14,120
2025-12-29T23:30:39.086Z,a,0.15,4.13,0,0,276,1.14,120
2025-12-29T23:30:39.651Z,a,0.2,4.7,0,0,115,0.54,206
2025-12-29T23:30:39.651Z,a,0.2,4.7,0,0,115,0.54,206
2025-12-29T23:30:40.290Z,a,0.68,4.71,0,0,87,0.41,210
2025-12-29T23:30:40.291Z,a,0.68,4.71,0,0,87,0.41,210
2025-12-29T23:30:40.938Z,a,0.12,4.26,0,0,135,0.58,140
2025-12-29T23:30:40.939Z,a,0.12,4.26,0,0,135,0.58,140
2025-12-29T23:30:41.577Z,a,0.15,4.43,0,0,86,0.38,165
2025-12-29T23:30:41.578Z,a,0.15,4.43,0,0,86,0.38,165
2025-12-29T23:30:42.221Z,a,1.27,4.49,0,0,90,0.4,174
2025-12-29T23:30:42.221Z,a,1.27,4.49,0,0,90,0.4,174
2025-12-29T23:30:42.869Z,a,1.12,4.49,0,0,129,0.58,174
2025-12-29T23:30:42.869Z,a,1.12,4.49,0,0,129,0.58,174
2025-12-29T23:30:43.513Z,a,1,4.48,0,0,134,0.6,174
2025-12-29T23:30:43.513Z,a,1,4.48,0,0,134,0.6,174
2025-12-29T23:30:44.158Z,a,0.9,4.08,0,0,293,1.2,112
2025-12-29T23:30:44.159Z,a,0.9,4.08,0,0,293,1.2,112
2025-12-29T23:30:44.796Z,a,0.17,4.24,0,0,96,0.41,135
2025-12-29T23:30:44.797Z,a,0.17,4.24,0,0,96,0.41,135
2025-12-29T23:30:45.444Z,a,0.15,4.53,0,0,136,0.62,182
2025-12-29T23:30:45.445Z,a,0.15,4.53,0,0,136,0.62,182
2025-12-29T23:30:46.089Z,a,0.73,4.27,0,0,123,0.53,141
2025-12-29T23:30:46.089Z,a,0.73,4.27,0,0,123,0.53,141
2025-12-29T23:30:46.733Z,a,0.24,4.16,0,0,282,1.17,124
2025-12-29T23:30:46.734Z,a,0.24,4.16,0,0,282,1.17,124
2025-12-29T23:30:47.377Z,a,0.44,4.38,0,0,102,0.45,158
2025-12-29T23:30:47.378Z,a,0.44,4.38,0,0,102,0.45,158
2025-12-29T23:30:48.021Z,a,1.32,4.14,0,0,279,1.16,121
2025-12-29T23:30:48.022Z,a,1.32,4.14,0,0,279,1.16,121
2025-12-29T23:30:48.671Z,a,1.3,4.84,0,0,123,0.6,230
2025-12-29T23:30:48.673Z,a,1.3,4.84,0,0,123,0.6,230
2025-12-29T23:30:49.305Z,a,0.76,4.26,0,0,82,0.35,140
2025-12-29T23:30:49.305Z,a,0.76,4.26,0,0,82,0.35,140
2025-12-29T23:30:49.953Z,a,1.05,4.32,0,0,100,0.43,149
2025-12-29T23:30:49.953Z,a,1.05,4.32,0,0,100,0.43,149
2025-12-29T23:30:50.598Z,a,0.9,4.63,0,0,125,0.58,197
2025-12-29T23:30:50.597Z,a,0.9,4.63,0,0,125,0.58,197
2025-12-29T23:30:51.241Z,a,0.76,4.73,0,0,123,0.58,213
2025-12-29T23:30:51.242Z,a,0.76,4.73,0,0,123,0.58,213
2025-12-29T23:30:51.885Z,a,0.71,4.07,0,0,291,1.18,110
2025-12-29T23:30:51.886Z,a,0.71,4.07,0,0,291,1.18,110
2025-12-29T23:30:52.530Z,a,0.39,4.43,0,0,116,0.51,165
2025-12-29T23:30:52.530Z,a,0.39,4.43,0,0,116,0.51,165
2025-12-29T23:30:53.169Z,a,0.17,4.32,0,0,91,0.39,149
2025-12-29T23:30:53.170Z,a,0.17,4.32,0,0,91,0.39,149
2025-12-29T23:30:53.817Z,a,0.1,4.66,0,0,136,0.63,202
2025-12-29T23:30:53.817Z,a,0.1,4.66,0,0,136,0.63,202
2025-12-29T23:30:54.456Z,a,1.08,4.97,0,0,95,0.47,248
2025-12-29T23:30:54.457Z,a,1.08,4.97,0,0,95,0.47,248
2025-12-29T23:30:55.100Z,a,0.71,4.51,0,0,94,0.42,179
2025-12-29T23:30:55.100Z,a,0.71,4.51,0,0,94,0.42,179
2025-12-29T23:30:55.748Z,a,0.98,4.96,0,0,134,0.66,248
2025-12-29T23:30:55.748Z,a,0.98,4.96,0,0,134,0.66,248
2025-12-29T23:30:56.392Z,a,0.66,4.44,0,0,117,0.52,168
2025-12-29T23:30:56.393Z,a,0.66,4.44,0,0,117,0.52,168
2025-12-29T23:30:57.050Z,a,0.83,4.36,0,0,132,0.58,155
2025-12-29T23:30:57.051Z,a,0.83,4.36,0,0,132,0.58,155
2025-12-29T23:30:57.675Z,a,0.83,4.84,0,0,95,0.46,230
2025-12-29T23:30:57.676Z,a,0.83,4.84,0,0,95,0.46,230
2025-12-29T23:30:58.319Z,a,0.68,4.98,0,0,85,0.42,251
2025-12-29T23:30:58.318Z,a,0.68,4.98,0,0,85,0.42,251
2025-12-29T23:30:58.962Z,a,0.66,4.56,0,0,81,0.37,186
2025-12-29T23:30:58.962Z,a,0.66,4.56,0,0,81,0.37,186
2025-12-29T23:30:59.610Z,a,0.12,4.06,0,0,253,1.03,109
2025-12-29T23:30:59.610Z,a,0.12,4.06,0,0,253,1.03,109
2025-12-29T23:31:00.254Z,a,0.39,4.72,0,0,112,0.53,210
2025-12-29T23:31:00.255Z,a,0.39,4.72,0,0,112,0.53,210
2025-12-29T23:31:00.898Z,a,1.05,4.27,0,0,111,0.47,141
2025-12-29T23:31:00.899Z,a,1.05,4.27,0,0,111,0.47,141
2025-12-29T23:31:01.542Z,a,1.25,4.26,0,0,145,0.62,140
2025-12-29T23:31:01.543Z,a,1.25,4.26,0,0,145,0.62,140
2025-12-29T23:31:02.186Z,a,1.1,4.24,0,0,111,0.47,135
2025-12-29T23:31:02.187Z,a,1.1,4.24,0,0,111,0.47,135
2025-12-29T23:31:02.831Z,a,0.98,4.96,0,0,114,0.57,248
2025-12-29T23:31:02.832Z,a,0.98,4.96,0,0,114,0.57,248
2025-12-29T23:31:03.470Z,a,0.68,4.5,0,0,88,0.4,177
2025-12-29T23:31:03.470Z,a,0.68,4.5,0,0,88,0.4,177
2025-12-29T23:31:04.118Z,a,0.76,4.01,0,0,277,1.11,101
2025-12-29T23:31:04.119Z,a,0.76,4.01,0,0,277,1.11,101
2025-12-29T23:31:04.762Z,a,0.37,4.43,0,0,120,0.53,165
2025-12-29T23:31:04.763Z,a,0.37,4.43,0,0,120,0.53,165
2025-12-29T23:31:05.407Z,a,0.15,4.31,0,0,130,0.56,148
2025-12-29T23:31:05.408Z,a,0.15,4.31,0,0,130,0.56,148
2025-12-29T23:31:06.051Z,a,0.29,4.37,0,0,117,0.51,157
2025-12-29T23:31:06.051Z,a,0.29,4.37,0,0,117,0.51,157
2025-12-29T23:31:06.695Z,a,1.32,4.67,0,0,126,0.59,203
2025-12-29T23:31:06.696Z,a,1.32,4.67,0,0,126,0.59,203
2025-12-29T23:31:07.334Z,a,1.03,4.51,0,0,94,0.42,179
2025-12-29T23:31:07.334Z,a,1.03,4.51,0,0,94,0.42,179
2025-12-29T23:31:07.983Z,a,1.05,4.3,0,0,124,0.53,146
2025-12-29T23:31:07.984Z,a,1.05,4.3,0,0,124,0.53,146
2025-12-29T23:31:08.627Z,a,1.05,4.48,0,0,126,0.56,174
2025-12-29T23:31:08.627Z,a,1.05,4.48,0,0,126,0.56,174
2025-12-29T23:31:09.271Z,a,0.86,4.81,0,0,120,0.58,225
2025-12-29T23:31:09.271Z,a,0.86,4.81,0,0,120,0.58,225
2025-12-29T23:31:09.910Z,a,0.71,4.58,0,0,81,0.37,189
2025-12-29T23:31:09.911Z,a,0.71,4.58,0,0,81,0.37,189
2025-12-29T23:31:10.559Z,a,0.73,4.06,0,0,263,1.07,109
2025-12-29T23:31:10.561Z,a,0.73,4.06,0,0,263,1.07,109
2025-12-29T23:31:11.204Z,a,0.34,4.03,0,0,260,1.05,104
2025-12-29T23:31:11.204Z,a,0.34,4.03,0,0,260,1.05,104
2025-12-29T23:31:11.847Z,a,0.49,4.2,0,0,147,0.62,129
2025-12-29T23:31:11.847Z,a,0.49,4.2,0,0,147,0.62,129
2025-12-29T23:31:12.491Z,a,0.39,4.39,0,0,100,0.44,160
2025-12-29T23:31:12.492Z,a,0.39,4.39,0,0,100,0.44,160
2025-12-29T23:31:13.135Z,a,1.3,4.97,0,0,126,0.63,248
2025-12-29T23:31:13.136Z,a,1.3,4.97,0,0,126,0.63,248
2025-12-29T23:31:13.780Z,a,0.68,4.09,0,0,263,1.08,113
2025-12-29T23:31:13.780Z,a,0.68,4.09,0,0,263,1.08,113
2025-12-29T23:31:14.424Z,a,1.15,4.67,0,0,102,0.48,203
2025-12-29T23:31:14.424Z,a,1.15,4.67,0,0,102,0.48,203
2025-12-29T23:31:15.068Z,a,0.78,4.58,0,0,125,0.57,189
2025-12-29T23:31:15.068Z,a,0.78,4.58,0,0,125,0.57,189
2025-12-29T23:31:15.712Z,a,0.76,4.5,0,0,126,0.57,177
2025-12-29T23:31:15.713Z,a,0.76,4.5,0,0,126,0.57,177
2025-12-29T23:31:16.356Z,a,0.76,4.03,0,0,278,1.12,104
2025-12-29T23:31:16.357Z,a,0.76,4.03,0,0,278,1.12,104
2025-12-29T23:31:17.000Z,a,0.37,4.76,0,0,130,0.62,217
2025-12-29T23:31:17.001Z,a,0.37,4.76,0,0,130,0.62,217
2025-12-29T23:31:17.645Z,a,0.66,4.32,0,0,149,0.64,149
2025-12-29T23:31:17.645Z,a,0.66,4.32,0,0,149,0.64,149
2025-12-29T23:31:18.284Z,a,0.29,4.9,0,0,90,0.44,239
2025-12-29T23:31:18.285Z,a,0.29,4.9,0,0,90,0.44,239
2025-12-29T23:31:18.927Z,a,0.81,4.68,0,0,87,0.41,203
2025-12-29T23:31:18.927Z,a,0.81,4.68,0,0,87,0.41,203
2025-12-29T23:31:19.575Z,a,1.03,4.8,0,0,140,0.67,224
2025-12-29T23:31:19.576Z,a,1.03,4.8,0,0,140,0.67,224
2025-12-29T23:31:20.215Z,a,0.81,4.33,0,0,93,0.4,151
2025-12-29T23:31:20.215Z,a,0.81,4.33,0,0,93,0.4,151
2025-12-29T23:31:20.858Z,a,1.03,4.28,0,0,91,0.39,143
2025-12-29T23:31:20.858Z,a,1.03,4.28,0,0,91,0.39,143
2025-12-29T23:31:21.506Z,a,0.95,4.16,0,0,252,1.05,124
2025-12-29T23:31:21.507Z,a,0.95,4.16,0,0,252,1.05,124
2025-12-29T23:31:22.145Z,a,0.15,4.62,0,0,90,0.42,196
2025-12-29T23:31:22.146Z,a,0.15,4.62,0,0,90,0.42,196
2025-12-29T23:31:22.794Z,a,0.73,4.96,0,0,105,0.52,248
2025-12-29T23:31:22.794Z,a,0.73,4.96,0,0,105,0.52,248
2025-12-29T23:31:23.438Z,a,0.66,4.29,0,0,122,0.52,144
2025-12-29T23:31:23.438Z,a,0.66,4.29,0,0,122,0.52,144
2025-12-29T23:31:24.076Z,a,0.22,4.57,0,0,98,0.45,188
2025-12-29T23:31:24.077Z,a,0.22,4.57,0,0,98,0.45,188
2025-12-29T23:31:24.725Z,a,0.12,4.11,0,0,287,1.18,117
2025-12-29T23:31:24.726Z,a,0.12,4.11,0,0,287,1.18,117
2025-12-29T23:31:25.369Z,a,1.37,4.23,0,0,121,0.51,135
2025-12-29T23:31:25.370Z,a,1.37,4.23,0,0,121,0.51,135
2025-12-29T23:31:26.013Z,a,1.3,4.4,0,0,108,0.48,162
2025-12-29T23:31:26.014Z,a,1.3,4.4,0,0,108,0.48,162
2025-12-29T23:31:26.653Z,a,1.1,4.62,0,0,89,0.41,196
2025-12-29T23:31:26.653Z,a,1.1,4.62,0,0,89,0.41,196
2025-12-29T23:31:27.301Z,a,0.86,4.5,0,0,121,0.54,177
2025-12-29T23:31:27.302Z,a,0.86,4.5,0,0,121,0.54,177
2025-12-29T23:31:27.945Z,a,0.86,4.82,0,0,126,0.61,227
2025-12-29T23:31:27.946Z,a,0.86,4.82,0,0,126,0.61,227
2025-12-29T23:31:28.589Z,a,0.68,4.05,0,0,296,1.2,107
2025-12-29T23:31:28.590Z,a,0.68,4.05,0,0,296,1.2,107
2025-12-29T23:31:29.233Z,a,0.24,4.69,0,0,138,0.65,206
2025-12-29T23:31:29.234Z,a,0.24,4.69,0,0,138,0.65,206
2025-12-29T23:31:29.877Z,a,0.68,4.09,0,0,287,1.17,113
2025-12-29T23:31:29.878Z,a,0.68,4.09,0,0,287,1.17,113
2025-12-29T23:31:30.522Z,a,0.46,4.35,0,0,147,0.64,154
2025-12-29T23:31:30.522Z,a,0.46,4.35,0,0,147,0.64,154
2025-12-29T23:31:31.166Z,a,0.1,4.03,0,0,279,1.12,104
2025-12-29T23:31:31.167Z,a,0.1,4.03,0,0,279,1.12,104
2025-12-29T23:31:31.810Z,a,1.34,4.47,0,0,104,0.46,171
2025-12-29T23:31:31.811Z,a,1.34,4.47,0,0,104,0.46,171
2025-12-29T23:31:32.454Z,a,1.1,4.03,0,0,267,1.08,104
2025-12-29T23:31:32.455Z,a,1.1,4.03,0,0,267,1.08,104
2025-12-29T23:31:33.099Z,a,1.15,4.99,0,0,142,0.71,251
2025-12-29T23:31:33.099Z,a,1.15,4.99,0,0,142,0.71,251
2025-12-29T23:31:33.742Z,a,0.66,4.8,0,0,116,0.56,224
2025-12-29T23:31:33.743Z,a,0.66,4.8,0,0,116,0.56,224
2025-12-29T23:31:34.387Z,a,0.71,4.14,0,0,287,1.19,121
2025-12-29T23:31:34.388Z,a,0.71,4.14,0,0,287,1.19,121
2025-12-29T23:31:35.031Z,a,0.17,4.99,0,0,116,0.58,251
2025-12-29T23:31:35.032Z,a,0.17,4.99,0,0,116,0.58,251
2025-12-29T23:31:35.675Z,a,0.66,4.04,0,0,260,1.05,106
2025-12-29T23:31:35.676Z,a,0.66,4.04,0,0,260,1.05,106
2025-12-29T23:31:36.320Z,a,0.49,4.97,0,0,120,0.6,248
2025-12-29T23:31:36.320Z,a,0.49,4.97,0,0,120,0.6,248
2025-12-29T23:31:36.964Z,a,0.64,4.3,0,0,118,0.51,146
2025-12-29T23:31:36.963Z,a,0.64,4.3,0,0,118,0.51,146
2025-12-29T23:31:37.603Z,a,1.32,4.55,0,0,83,0.38,185
2025-12-29T23:31:37.604Z,a,1.32,4.55,0,0,83,0.38,185
2025-12-29T23:31:38.251Z,a,1.05,4.06,0,0,290,1.18,109
2025-12-29T23:31:38.252Z,a,1.05,4.06,0,0,290,1.18,109
2025-12-29T23:31:38.895Z,a,1.17,4.45,0,0,101,0.45,168
2025-12-29T23:31:38.895Z,a,1.17,4.45,0,0,101,0.45,168
2025-12-29T23:31:39.540Z,a,0.9,4.01,0,0,287,1.15,101
2025-12-29T23:31:39.540Z,a,0.9,4.01,0,0,287,1.15,101
2025-12-29T23:31:40.184Z,a,0.17,4.86,0,0,104,0.51,233
2025-12-29T23:31:40.185Z,a,0.17,4.86,0,0,104,0.51,233
2025-12-29T23:31:40.829Z,a,0.66,4.95,0,0,125,0.62,245
2025-12-29T23:31:40.829Z,a,0.66,4.95,0,0,125,0.62,245
2025-12-29T23:31:41.472Z,a,0.66,4.11,0,0,262,1.08,117
2025-12-29T23:31:41.473Z,a,0.66,4.11,0,0,262,1.08,117
2025-12-29T23:31:42.116Z,a,0.39,4.23,0,0,103,0.44,135
2025-12-29T23:31:42.117Z,a,0.39,4.23,0,0,103,0.44,135
2025-12-29T23:31:42.761Z,a,0.39,4.16,0,0,281,1.17,124
2025-12-29T23:31:42.761Z,a,0.39,4.16,0,0,281,1.17,124
2025-12-29T23:31:43.405Z,a,1.34,4.89,0,0,137,0.67,237
2025-12-29T23:31:43.406Z,a,1.34,4.89,0,0,137,0.67,237
2025-12-29T23:31:44.049Z,a,0.76,4.14,0,0,285,1.18,121
2025-12-29T23:31:44.050Z,a,0.76,4.14,0,0,285,1.18,121
2025-12-29T23:31:44.693Z,a,1.17,4.03,0,0,273,1.1,104
2025-12-29T23:31:44.694Z,a,1.17,4.03,0,0,273,1.1,104
2025-12-29T23:31:45.338Z,a,1.15,4.24,0,0,127,0.54,135
2025-12-29T23:31:45.338Z,a,1.15,4.24,0,0,127,0.54,135
2025-12-29T23:31:45.977Z,a,0.95,4.62,0,0,96,0.44,196
2025-12-29T23:31:45.977Z,a,0.95,4.62,0,0,96,0.44,196
2025-12-29T23:31:46.625Z,a,0.73,4.9,0,0,139,0.68,239
2025-12-29T23:31:46.626Z,a,0.73,4.9,0,0,139,0.68,239
2025-12-29T23:31:47.269Z,a,0.66,4.34,0,0,119,0.52,152
2025-12-29T23:31:47.270Z,a,0.66,4.34,0,0,119,0.52,152
2025-12-29T23:31:47.913Z,a,0.15,4.08,0,0,258,1.05,112
2025-12-29T23:31:47.914Z,a,0.15,4.08,0,0,258,1.05,112
2025-12-29T23:31:48.557Z,a,0.46,4.21,0,0,122,0.51,132
2025-12-29T23:31:48.558Z,a,0.46,4.21,0,0,122,0.51,132
2025-12-29T23:31:49.196Z,a,0.2,4.95,0,0,94,0.47,245
2025-12-29T23:31:49.197Z,a,0.2,4.95,0,0,94,0.47,245
2025-12-29T23:31:49.845Z,a,0.73,4.01,0,0,257,1.03,101
2025-12-29T23:31:49.845Z,a,0.73,4.01,0,0,257,1.03,101
2025-12-29T23:31:50.484Z,a,1.3,4.28,0,0,80,0.34,143
2025-12-29T23:31:50.484Z,a,1.3,4.28,0,0,80,0.34,143
2025-12-29T23:31:51.132Z,a,1.1,4.3,0,0,131,0.56,146
2025-12-29T23:31:51.132Z,a,1.1,4.3,0,0,131,0.56,146
2025-12-29T23:31:51.776Z,a,0.95,4.09,0,0,299,1.22,113
2025-12-29T23:31:51.777Z,a,0.95,4.09,0,0,299,1.22,113
2025-12-29T23:31:52.416Z,a,0.17,4.78,0,0,89,0.43,220
2025-12-29T23:31:52.416Z,a,0.17,4.78,0,0,89,0.43,220
2025-12-29T23:31:53.064Z,a,0.71,4.05,0,0,281,1.14,107
2025-12-29T23:31:53.065Z,a,0.71,4.05,0,0,281,1.14,107
2025-12-29T23:31:53.708Z,a,0.34,4.76,0,0,107,0.51,217
2025-12-29T23:31:53.709Z,a,0.34,4.76,0,0,107,0.51,217
2025-12-29T23:31:54.352Z,a,0.66,4.13,0,0,267,1.1,120
2025-12-29T23:31:54.353Z,a,0.66,4.13,0,0,267,1.1,120
2025-12-29T23:31:54.997Z,a,0.46,4.68,0,0,144,0.67,203
2025-12-29T23:31:54.997Z,a,0.46,4.68,0,0,144,0.67,203
2025-12-29T23:31:55.636Z,a,1.12,4.4,0,0,81,0.36,162
2025-12-29T23:31:55.636Z,a,1.12,4.4,0,0,81,0.36,162
2025-12-29T23:31:56.284Z,a,1.22,4.4,0,0,102,0.45,162
2025-12-29T23:31:56.284Z,a,1.22,4.4,0,0,102,0.45,162
2025-12-29T23:31:56.928Z,a,1.1,4.04,0,0,295,1.19,106
2025-12-29T23:31:56.928Z,a,1.1,4.04,0,0,295,1.19,106
2025-12-29T23:31:57.572Z,a,1.05,4.29,0,0,111,0.48,144
2025-12-29T23:31:57.573Z,a,1.05,4.29,0,0,111,0.48,144
2025-12-29T23:31:58.218Z,a,0.9,4.25,0,0,113,0.48,138
2025-12-29T23:31:58.219Z,a,0.9,4.25,0,0,113,0.48,138
2025-12-29T23:31:58.861Z,a,0.15,4.74,0,0,141,0.67,213
2025-12-29T23:31:58.861Z,a,0.15,4.74,0,0,141,0.67,213
2025-12-29T23:31:59.505Z,a,0.68,4.55,0,0,117,0.53,185
2025-12-29T23:31:59.505Z,a,0.68,4.55,0,0,117,0.53,185
2025-12-29T23:32:00.149Z,a,0.12,4.81,0,0,140,0.67,225
2025-12-29T23:32:00.150Z,a,0.12,4.81,0,0,140,0.67,225
2025-12-29T23:32:00.789Z,a,0.66,4.6,0,0,81,0.37,193
2025-12-29T23:32:00.788Z,a,0.66,4.6,0,0,81,0.37,193
2025-12-29T23:32:01.432Z,a,0,4.47,0,0,91,0.41,171
2025-12-29T23:32:01.432Z,a,0,4.47,0,0,91,0.41,171
2025-12-29T23:32:02.080Z,a,1.3,4.57,0,0,109,0.5,188
2025-12-29T23:32:02.081Z,a,1.3,4.57,0,0,109,0.5,188
2025-12-29T23:32:02.724Z,a,1.05,4.53,0,0,118,0.53,182
2025-12-29T23:32:02.724Z,a,1.05,4.53,0,0,118,0.53,182
2025-12-29T23:32:03.384Z,a,0.95,4.92,0,0,143,0.7,242
2025-12-29T23:32:03.384Z,a,0.95,4.92,0,0,143,0.7,242
2025-12-29T23:32:04.012Z,a,0.68,4.4,0,0,113,0.5,162
2025-12-29T23:32:04.013Z,a,0.68,4.4,0,0,113,0.5,162
2025-12-29T23:32:04.657Z,a,0.83,4.1,0,0,266,1.09,115
2025-12-29T23:32:04.657Z,a,0.83,4.1,0,0,266,1.09,115
2025-12-29T23:32:05.301Z,a,0.17,4.81,0,0,111,0.53,225
2025-12-29T23:32:05.301Z,a,0.17,4.81,0,0,111,0.53,225
2025-12-29T23:32:05.945Z,a,0.68,4.44,0,0,113,0.5,168
2025-12-29T23:32:05.946Z,a,0.68,4.44,0,0,113,0.5,168
2025-12-29T23:32:06.589Z,a,0.12,4,0,0,276,1.1,100
2025-12-29T23:32:06.590Z,a,0.12,4,0,0,276,1.1,100
2025-12-29T23:32:07.233Z,a,0.54,4.83,0,0,142,0.69,228
2025-12-29T23:32:07.234Z,a,0.54,4.83,0,0,142,0.69,228
2025-12-29T23:32:07.878Z,a,0.93,4.84,0,0,103,0.5,230
2025-12-29T23:32:07.879Z,a,0.93,4.84,0,0,103,0.5,230
2025-12-29T23:32:08.517Z,a,0.81,4.57,0,0,90,0.41,188
2025-12-29T23:32:08.517Z,a,0.81,4.57,0,0,90,0.41,188
2025-12-29T23:32:09.165Z,a,0.95,4.03,0,0,280,1.13,104
2025-12-29T23:32:09.165Z,a,0.95,4.03,0,0,280,1.13,104
2025-12-29T23:32:09.809Z,a,1.1,4.22,0,0,141,0.6,132
2025-12-29T23:32:09.810Z,a,1.1,4.22,0,0,141,0.6,132
2025-12-29T23:32:10.448Z,a,0.93,4.79,0,0,96,0.46,222
2025-12-29T23:32:10.449Z,a,0.93,4.79,0,0,96,0.46,222
2025-12-29T23:32:11.096Z,a,0.71,4.34,0,0,105,0.46,152
2025-12-29T23:32:11.097Z,a,0.71,4.34,0,0,105,0.46,152
2025-12-29T23:32:11.741Z,a,0.12,4.65,0,0,107,0.5,200
2025-12-29T23:32:11.742Z,a,0.12,4.65,0,0,107,0.5,200
2025-12-29T23:32:12.385Z,a,0.71,4.74,0,0,120,0.57,213
2025-12-29T23:32:12.385Z,a,0.71,4.74,0,0,120,0.57,213
2025-12-29T23:32:13.029Z,a,0.1,4.93,0,0,136,0.67,242
2025-12-29T23:32:13.029Z,a,0.1,4.93,0,0,136,0.67,242
2025-12-29T23:32:13.674Z,a,0.05,4.44,0,0,143,0.63,168
2025-12-29T23:32:13.673Z,a,0.05,4.44,0,0,143,0.63,168
2025-12-29T23:32:14.318Z,a,1.27,4.14,0,0,284,1.18,121
2025-12-29T23:32:14.318Z,a,1.27,4.14,0,0,284,1.18,121
2025-12-29T23:32:14.962Z,a,1.27,4.51,0,0,138,0.62,179
2025-12-29T23:32:14.962Z,a,1.27,4.51,0,0,138,0.62,179
2025-12-29T23:32:15.608Z,a,0.95,4.74,0,0,103,0.49,213
2025-12-29T23:32:15.608Z,a,0.95,4.74,0,0,103,0.49,213
2025-12-29T23:32:16.251Z,a,0.76,4.78,0,0,103,0.49,220
2025-12-29T23:32:16.251Z,a,0.76,4.78,0,0,103,0.49,220
2025-12-29T23:32:16.895Z,a,0.71,4.34,0,0,125,0.54,152
2025-12-29T23:32:16.895Z,a,0.71,4.34,0,0,125,0.54,152
2025-12-29T23:32:17.539Z,a,0.15,4.6,0,0,109,0.5,193
2025-12-29T23:32:17.539Z,a,0.15,4.6,0,0,109,0.5,193
2025-12-29T23:32:18.183Z,a,0.71,4.4,0,0,130,0.57,162
2025-12-29T23:32:18.183Z,a,0.71,4.4,0,0,130,0.57,162
2025-12-29T23:32:18.827Z,a,0,4.06,0,0,288,1.17,109
2025-12-29T23:32:18.828Z,a,0,4.06,0,0,288,1.17,109
2025-12-29T23:32:19.472Z,a,0.49,4.15,0,0,272,1.13,123
2025-12-29T23:32:19.473Z,a,0.49,4.15,0,0,272,1.13,123
2025-12-29T23:32:20.110Z,a,1.34,4.2,0,0,89,0.37,129
2025-12-29T23:32:20.111Z,a,1.34,4.2,0,0,89,0.37,129
2025-12-29T23:32:20.754Z,a,1.3,4.66,0,0,81,0.38,202
2025-12-29T23:32:20.754Z,a,1.3,4.66,0,0,81,0.38,202
2025-12-29T23:32:21.402Z,a,0.9,4.59,0,0,144,0.66,191
2025-12-29T23:32:21.402Z,a,0.9,4.59,0,0,144,0.66,191
2025-12-29T23:32:22.047Z,a,0.86,4.76,0,0,145,0.69,217
2025-12-29T23:32:22.047Z,a,0.86,4.76,0,0,145,0.69,217
2025-12-29T23:32:22.690Z,a,0.73,4.19,0,0,290,1.22,129
2025-12-29T23:32:22.690Z,a,0.73,4.19,0,0,290,1.22,129
2025-12-29T23:32:23.334Z,a,0.15,4.24,0,0,103,0.44,135
2025-12-29T23:32:23.335Z,a,0.15,4.24,0,0,103,0.44,135
2025-12-29T23:32:23.980Z,a,0.15,4.3,0,0,123,0.53,146
2025-12-29T23:32:23.982Z,a,0.15,4.3,0,0,123,0.53,146
2025-12-29T23:32:24.618Z,a,0.17,4.34,0,0,93,0.4,152
2025-12-29T23:32:24.618Z,a,0.17,4.34,0,0,93,0.4,152
2025-12-29T23:32:25.266Z,a,0.22,4.95,0,0,136,0.67,245
2025-12-29T23:32:25.267Z,a,0.22,4.95,0,0,136,0.67,245
2025-12-29T23:32:25.905Z,a,0.07,4.54,0,0,99,0.45,183
2025-12-29T23:32:25.906Z,a,0.07,4.54,0,0,99,0.45,183
2025-12-29T23:32:26.554Z,a,1.22,4.18,0,0,258,1.08,126
2025-12-29T23:32:26.554Z,a,1.22,4.18,0,0,258,1.08,126
2025-12-29T23:32:27.193Z,a,1.25,4.98,0,0,96,0.48,251
2025-12-29T23:32:27.193Z,a,1.25,4.98,0,0,96,0.48,251
2025-12-29T23:32:27.836Z,a,0.66,4.48,0,0,83,0.37,174
2025-12-29T23:32:27.837Z,a,0.66,4.48,0,0,83,0.37,174
2025-12-29T23:32:28.484Z,a,0.9,4.79,0,0,115,0.55,222
2025-12-29T23:32:28.485Z,a,0.9,4.79,0,0,115,0.55,222
2025-12-29T23:32:29.128Z,a,0.71,4.68,0,0,129,0.6,203
2025-12-29T23:32:29.129Z,a,0.71,4.68,0,0,129,0.6,203
2025-12-29T23:32:29.772Z,a,0.73,4.8,0,0,145,0.7,224
2025-12-29T23:32:29.773Z,a,0.73,4.8,0,0,145,0.7,224
2025-12-29T23:32:30.417Z,a,0.68,4.96,0,0,142,0.7,248
2025-12-29T23:32:30.417Z,a,0.68,4.96,0,0,142,0.7,248
2025-12-29T23:32:31.061Z,a,0.66,4.17,0,0,288,1.2,126
2025-12-29T23:32:31.062Z,a,0.66,4.17,0,0,288,1.2,126
2025-12-29T23:32:31.705Z,a,0.44,4.45,0,0,125,0.56,168
2025-12-29T23:32:31.706Z,a,0.44,4.45,0,0,125,0.56,168
2025-12-29T23:32:32.350Z,a,1.3,4.22,0,0,119,0.5,132
2025-12-29T23:32:32.351Z,a,1.3,4.22,0,0,119,0.5,132
2025-12-29T23:32:32.988Z,a,1.3,4.59,0,0,88,0.4,191
2025-12-29T23:32:32.989Z,a,1.3,4.59,0,0,88,0.4,191
2025-12-29T23:32:33.637Z,a,0.95,4.39,0,0,126,0.55,160
2025-12-29T23:32:33.637Z,a,0.95,4.39,0,0,126,0.55,160
2025-12-29T23:32:34.276Z,a,0.98,4.78,0,0,96,0.46,220
2025-12-29T23:32:34.276Z,a,0.98,4.78,0,0,96,0.46,220
2025-12-29T23:32:34.919Z,a,0.73,4.51,0,0,89,0.4,179
2025-12-29T23:32:34.919Z,a,0.73,4.51,0,0,89,0.4,179
2025-12-29T23:32:35.567Z,a,0.81,4.05,0,0,284,1.15,107
2025-12-29T23:32:35.567Z,a,0.81,4.05,0,0,284,1.15,107
2025-12-29T23:32:36.211Z,a,0.24,4.78,0,0,147,0.7,220
2025-12-29T23:32:36.212Z,a,0.24,4.78,0,0,147,0.7,220
2025-12-29T23:32:36.855Z,a,0.68,4.53,0,0,110,0.5,182
2025-12-29T23:32:36.856Z,a,0.68,4.53,0,0,110,0.5,182
2025-12-29T23:32:37.539Z,a,0.12,4.37,0,0,111,0.49,157
2025-12-29T23:32:37.540Z,a,0.12,4.37,0,0,111,0.49,157
2025-12-29T23:32:38.139Z,a,0.2,4.24,0,0,97,0.41,135
2025-12-29T23:32:38.139Z,a,0.2,4.24,0,0,97,0.41,135
2025-12-29T23:32:38.783Z,a,1.34,4.21,0,0,90,0.38,132
2025-12-29T23:32:38.785Z,a,1.34,4.21,0,0,90,0.38,132
2025-12-29T23:32:39.430Z,a,1.3,4,0,0,299,1.2,100
2025-12-29T23:32:39.431Z,a,1.3,4,0,0,299,1.2,100
2025-12-29T23:32:40.074Z,a,1.22,4.46,0,0,106,0.47,171
2025-12-29T23:32:40.075Z,a,1.22,4.46,0,0,106,0.47,171
2025-12-29T23:32:40.718Z,a,0.93,4.13,0,0,285,1.18,120
2025-12-29T23:32:40.719Z,a,0.93,4.13,0,0,285,1.18,120
2025-12-29T23:32:41.363Z,a,1.03,4.29,0,0,101,0.43,144
2025-12-29T23:32:41.363Z,a,1.03,4.29,0,0,101,0.43,144
2025-12-29T23:32:42.007Z,a,0.88,4.42,0,0,117,0.52,165
2025-12-29T23:32:42.008Z,a,0.88,4.42,0,0,117,0.52,165
2025-12-29T23:32:42.651Z,a,0.12,4.19,0,0,275,1.15,129
2025-12-29T23:32:42.652Z,a,0.12,4.19,0,0,275,1.15,129
2025-12-29T23:32:43.295Z,a,0.27,4.15,0,0,292,1.21,123
2025-12-29T23:32:43.296Z,a,0.27,4.15,0,0,292,1.21,123
2025-12-29T23:32:43.940Z,a,0.44,4.99,0,0,112,0.56,251
2025-12-29T23:32:43.940Z,a,0.44,4.99,0,0,112,0.56,251
2025-12-29T23:32:44.584Z,a,0.1,4.83,0,0,131,0.63,228
2025-12-29T23:32:44.585Z,a,0.1,4.83,0,0,131,0.63,228
2025-12-29T23:32:45.228Z,a,0.86,4.1,0,0,273,1.12,115
2025-12-29T23:32:45.229Z,a,0.86,4.1,0,0,273,1.12,115
2025-12-29T23:32:45.873Z,a,1.22,4.14,0,0,262,1.08,121
2025-12-29T23:32:45.873Z,a,1.22,4.14,0,0,262,1.08,121
2025-12-29T23:32:46.516Z,a,1.05,4.33,0,0,114,0.49,151
2025-12-29T23:32:46.517Z,a,1.05,4.33,0,0,114,0.49,151
2025-12-29T23:32:47.156Z,a,0.86,4.5,0,0,89,0.4,177
2025-12-29T23:32:47.156Z,a,0.86,4.5,0,0,89,0.4,177
2025-12-29T23:32:47.799Z,a,0.78,4.34,0,0,93,0.4,152
2025-12-29T23:32:47.799Z,a,0.78,4.34,0,0,93,0.4,152
2025-12-29T23:32:48.448Z,a,0.12,4.64,0,0,129,0.6,199
2025-12-29T23:32:48.449Z,a,0.12,4.64,0,0,129,0.6,199
2025-12-29T23:32:49.092Z,a,0.71,4.84,0,0,130,0.63,230
2025-12-29T23:32:49.092Z,a,0.71,4.84,0,0,130,0.63,230
2025-12-29T23:32:49.742Z,a,0.66,4.01,0,0,254,1.02,101
2025-12-29T23:32:49.742Z,a,0.66,4.01,0,0,254,1.02,101
2025-12-29T23:32:50.380Z,a,0.39,4.06,0,0,297,1.21,109
2025-12-29T23:32:50.381Z,a,0.39,4.06,0,0,297,1.21,109
2025-12-29T23:32:51.024Z,a,1.34,4.17,0,0,276,1.15,126
2025-12-29T23:32:51.025Z,a,1.34,4.17,0,0,276,1.15,126
2025-12-29T23:32:51.668Z,a,1.27,4.71,0,0,112,0.53,210
2025-12-29T23:32:51.668Z,a,1.27,4.71,0,0,112,0.53,210
2025-12-29T23:32:52.312Z,a,0.83,4.43,0,0,140,0.62,165
2025-12-29T23:32:52.313Z,a,0.83,4.43,0,0,140,0.62,165
2025-12-29T23:32:52.957Z,a,0.93,4.04,0,0,260,1.05,106
2025-12-29T23:32:52.957Z,a,0.93,4.04,0,0,260,1.05,106
2025-12-29T23:32:53.601Z,a,0.17,4.9,0,0,100,0.49,239
2025-12-29T23:32:53.602Z,a,0.17,4.9,0,0,100,0.49,239
2025-12-29T23:32:54.245Z,a,0.66,4.82,0,0,133,0.64,227
2025-12-29T23:32:54.246Z,a,0.66,4.82,0,0,133,0.64,227
2025-12-29T23:32:54.889Z,a,0.66,4.53,0,0,100,0.45,182
2025-12-29T23:32:54.890Z,a,0.66,4.53,0,0,100,0.45,182
2025-12-29T23:32:55.534Z,a,0.12,4.27,0,0,144,0.61,141
2025-12-29T23:32:55.535Z,a,0.12,4.27,0,0,144,0.61,141
2025-12-29T23:32:56.178Z,a,0.39,4.1,0,0,269,1.1,115
2025-12-29T23:32:56.178Z,a,0.39,4.1,0,0,269,1.1,115
2025-12-29T23:32:56.822Z,a,1.34,4.38,0,0,100,0.44,158
2025-12-29T23:32:56.823Z,a,1.34,4.38,0,0,100,0.44,158
2025-12-29T23:32:57.466Z,a,1.2,4.8,0,0,147,0.71,224
2025-12-29T23:32:57.467Z,a,1.2,4.8,0,0,147,0.71,224
2025-12-29T23:32:58.110Z,a,0.76,4.12,0,0,257,1.06,118
2025-12-29T23:32:58.111Z,a,0.76,4.12,0,0,257,1.06,118
2025-12-29T23:32:58.755Z,a,1,4.28,0,0,121,0.52,143
2025-12-29T23:32:58.756Z,a,1,4.28,0,0,121,0.52,143
2025-12-29T23:32:59.394Z,a,0.9,4.91,0,0,91,0.45,241
2025-12-29T23:32:59.394Z,a,0.9,4.91,0,0,91,0.45,241
2025-12-29T23:33:00.037Z,a,0.66,4.27,0,0,88,0.38,141
2025-12-29T23:33:00.038Z,a,0.66,4.27,0,0,88,0.38,141
2025-12-29T23:33:00.680Z,a,0.15,4.68,0,0,84,0.39,203
2025-12-29T23:33:00.681Z,a,0.15,4.68,0,0,84,0.39,203
2025-12-29T23:33:01.328Z,a,0.68,4.06,0,0,292,1.19,109
2025-12-29T23:33:01.329Z,a,0.68,4.06,0,0,292,1.19,109
2025-12-29T23:33:01.967Z,a,0.51,4.75,0,0,85,0.4,216
2025-12-29T23:33:01.968Z,a,0.51,4.75,0,0,85,0.4,216
2025-12-29T23:33:02.616Z,a,0,4.13,0,0,290,1.2,120
2025-12-29T23:33:02.616Z,a,0,4.13,0,0,290,1.2,120
2025-12-29T23:33:03.260Z,a,1.34,4.8,0,0,126,0.6,224
2025-12-29T23:33:03.261Z,a,1.34,4.8,0,0,126,0.6,224
2025-12-29T23:33:03.904Z,a,0.81,4.69,0,0,123,0.58,206
2025-12-29T23:33:03.905Z,a,0.81,4.69,0,0,123,0.58,206
2025-12-29T23:33:04.548Z,a,0.83,4.18,0,0,284,1.19,126
2025-12-29T23:33:04.549Z,a,0.83,4.18,0,0,284,1.19,126
2025-12-29T23:33:05.187Z,a,0.98,4.47,0,0,98,0.44,171
2025-12-29T23:33:05.188Z,a,0.98,4.47,0,0,98,0.44,171
2025-12-29T23:33:05.831Z,a,0.81,4.77,0,0,93,0.44,219
2025-12-29T23:33:05.831Z,a,0.81,4.77,0,0,93,0.44,219
2025-12-29T23:33:06.474Z,a,0.68,4.98,0,0,97,0.48,251
2025-12-29T23:33:06.474Z,a,0.68,4.98,0,0,97,0.48,251
2025-12-29T23:33:07.117Z,a,0.66,4.62,0,0,88,0.41,196
2025-12-29T23:33:07.117Z,a,0.66,4.62,0,0,88,0.41,196
2025-12-29T23:33:07.766Z,a,0.68,4.01,0,0,259,1.04,101
2025-12-29T23:33:07.765Z,a,0.68,4.01,0,0,259,1.04,101
2025-12-29T23:33:08.409Z,a,0.54,4.78,0,0,110,0.53,220
2025-12-29T23:33:08.410Z,a,0.54,4.78,0,0,110,0.53,220
2025-12-29T23:33:09.053Z,a,0,4.12,0,0,258,1.06,118
2025-12-29T23:33:09.054Z,a,0,4.12,0,0,258,1.06,118
2025-12-29T23:33:09.698Z,a,1.34,4.07,0,0,276,1.12,110
2025-12-29T23:33:09.698Z,a,1.34,4.07,0,0,276,1.12,110
2025-12-29T23:33:10.342Z,a,1.27,4.55,0,0,103,0.47,185
2025-12-29T23:33:10.343Z,a,1.27,4.55,0,0,103,0.47,185
2025-12-29T23:33:10.986Z,a,0.93,4.64,0,0,138,0.64,199
2025-12-29T23:33:10.987Z,a,0.93,4.64,0,0,138,0.64,199
2025-12-29T23:33:11.630Z,a,0.78,4.51,0,0,111,0.5,179
2025-12-29T23:33:11.631Z,a,0.78,4.51,0,0,111,0.5,179
2025-12-29T23:33:12.275Z,a,0.78,4.95,0,0,109,0.54,245
2025-12-29T23:33:12.274Z,a,0.78,4.95,0,0,109,0.54,245
2025-12-29T23:33:12.919Z,a,0.66,4.98,0,0,130,0.65,251
2025-12-29T23:33:12.919Z,a,0.66,4.98,0,0,130,0.65,251
2025-12-29T23:33:13.563Z,a,0.66,4.77,0,0,105,0.5,219
2025-12-29T23:33:13.564Z,a,0.66,4.77,0,0,105,0.5,219
2025-12-29T23:33:14.208Z,a,0.66,4.27,0,0,141,0.6,141
2025-12-29T23:33:14.208Z,a,0.66,4.27,0,0,141,0.6,141
2025-12-29T23:33:14.852Z,a,0.15,4.5,0,0,147,0.66,177
2025-12-29T23:33:14.852Z,a,0.15,4.5,0,0,147,0.66,177
2025-12-29T23:33:15.497Z,a,1.25,4.04,0,0,299,1.21,106
2025-12-29T23:33:15.497Z,a,1.25,4.04,0,0,299,1.21,106
2025-12-29T23:33:16.140Z,a,1.3,4.28,0,0,149,0.64,143
2025-12-29T23:33:16.141Z,a,1.3,4.28,0,0,149,0.64,143
2025-12-29T23:33:16.779Z,a,1.1,4.82,0,0,85,0.41,227
2025-12-29T23:33:16.780Z,a,1.1,4.82,0,0,85,0.41,227
2025-12-29T23:33:17.427Z,a,0.73,4.81,0,0,125,0.6,225
2025-12-29T23:33:17.428Z,a,0.73,4.81,0,0,125,0.6,225
2025-12-29T23:33:18.072Z,a,0.71,4.83,0,0,100,0.48,228
2025-12-29T23:33:18.072Z,a,0.71,4.83,0,0,100,0.48,228
2025-12-29T23:33:18.716Z,a,0.68,4.21,0,0,110,0.46,132
2025-12-29T23:33:18.717Z,a,0.68,4.21,0,0,110,0.46,132
2025-12-29T23:33:19.360Z,a,0.17,4.98,0,0,148,0.74,251
2025-12-29T23:33:19.361Z,a,0.17,4.98,0,0,148,0.74,251
2025-12-29T23:33:20.004Z,a,0.66,4.77,0,0,106,0.51,219
2025-12-29T23:33:20.005Z,a,0.66,4.77,0,0,106,0.51,219
2025-12-29T23:33:20.648Z,a,0.12,4.54,0,0,143,0.65,183
2025-12-29T23:33:20.649Z,a,0.12,4.54,0,0,143,0.65,183
2025-12-29T23:33:21.293Z,a,1.25,4.49,0,0,110,0.49,174
2025-12-29T23:33:21.293Z,a,1.25,4.49,0,0,110,0.49,174
2025-12-29T23:33:21.937Z,a,1.15,4.62,0,0,139,0.64,196
2025-12-29T23:33:21.938Z,a,1.15,4.62,0,0,139,0.64,196
2025-12-29T23:33:22.581Z,a,0.9,4,0,0,260,1.04,100
2025-12-29T23:33:22.582Z,a,0.9,4,0,0,260,1.04,100
2025-12-29T23:33:23.225Z,a,1.2,4.46,0,0,145,0.65,171
2025-12-29T23:33:23.226Z,a,1.2,4.46,0,0,145,0.65,171
2025-12-29T23:33:23.870Z,a,0.83,4.11,0,0,287,1.18,117
2025-12-29T23:33:23.870Z,a,0.83,4.11,0,0,287,1.18,117
2025-12-29T23:33:24.514Z,a,0.15,4.39,0,0,120,0.53,160
2025-12-29T23:33:24.515Z,a,0.15,4.39,0,0,120,0.53,160
2025-12-29T23:33:25.158Z,a,0.12,4.53,0,0,125,0.57,182
2025-12-29T23:33:25.158Z,a,0.12,4.53,0,0,125,0.57,182
2025-12-29T23:33:25.802Z,a,0.12,4.05,0,0,274,1.11,107
2025-12-29T23:33:25.803Z,a,0.12,4.05,0,0,274,1.11,107
2025-12-29T23:33:26.446Z,a,0.51,4.81,0,0,126,0.61,225
2025-12-29T23:33:26.447Z,a,0.51,4.81,0,0,126,0.61,225
2025-12-29T23:33:27.099Z,a,0.98,4.1,0,0,294,1.21,115
2025-12-29T23:33:27.100Z,a,0.98,4.1,0,0,294,1.21,115
2025-12-29T23:33:27.735Z,a,1.32,4.27,0,0,147,0.63,141
2025-12-29T23:33:27.736Z,a,1.32,4.27,0,0,147,0.63,141
2025-12-29T23:33:28.379Z,a,1.2,4.64,0,0,133,0.62,199
2025-12-29T23:33:28.380Z,a,1.2,4.64,0,0,133,0.62,199
2025-12-29T23:33:29.024Z,a,0.83,4.29,0,0,107,0.46,144
2025-12-29T23:33:29.024Z,a,0.83,4.29,0,0,107,0.46,144
2025-12-29T23:33:29.667Z,a,0.93,4.81,0,0,118,0.57,225
2025-12-29T23:33:29.668Z,a,0.93,4.81,0,0,118,0.57,225
2025-12-29T23:33:30.312Z,a,0.71,4,0,0,288,1.15,100
2025-12-29T23:33:30.312Z,a,0.71,4,0,0,288,1.15,100
2025-12-29T23:33:30.956Z,a,0.34,4.09,0,0,297,1.21,113
2025-12-29T23:33:30.956Z,a,0.34,4.09,0,0,297,1.21,113
2025-12-29T23:33:31.600Z,a,0.39,4.76,0,0,109,0.52,217
2025-12-29T23:33:31.601Z,a,0.39,4.76,0,0,109,0.52,217
2025-12-29T23:33:32.244Z,a,0.12,4.72,0,0,122,0.58,210
2025-12-29T23:33:32.245Z,a,0.12,4.72,0,0,122,0.58,210
2025-12-29T23:33:32.889Z,a,1.1,4.97,0,0,131,0.65,248
2025-12-29T23:33:32.889Z,a,1.1,4.97,0,0,131,0.65,248
2025-12-29T23:33:33.533Z,a,0.71,4.84,0,0,129,0.62,230
2025-12-29T23:33:33.534Z,a,0.71,4.84,0,0,129,0.62,230
2025-12-29T23:33:34.177Z,a,0.76,4.79,0,0,121,0.58,222
2025-12-29T23:33:34.177Z,a,0.76,4.79,0,0,121,0.58,222
2025-12-29T23:33:34.821Z,a,0.76,4.6,0,0,109,0.5,193
2025-12-29T23:33:34.821Z,a,0.76,4.6,0,0,109,0.5,193
2025-12-29T23:33:35.465Z,a,0.81,4.41,0,0,123,0.54,163
2025-12-29T23:33:35.466Z,a,0.81,4.41,0,0,123,0.54,163
2025-12-29T23:33:36.104Z,a,0.81,4.89,0,0,86,0.42,237
2025-12-29T23:33:36.105Z,a,0.81,4.89,0,0,86,0.42,237
2025-12-29T23:33:36.748Z,a,0.66,4.55,0,0,94,0.43,185
2025-12-29T23:33:36.748Z,a,0.66,4.55,0,0,94,0.43,185
2025-12-29T23:33:37.391Z,a,0.71,4.22,0,0,96,0.41,132
2025-12-29T23:33:37.391Z,a,0.71,4.22,0,0,96,0.41,132
2025-12-29T23:33:38.034Z,a,0.27,4.7,0,0,80,0.38,206
2025-12-29T23:33:38.035Z,a,0.27,4.7,0,0,80,0.38,206
2025-12-29T23:33:38.682Z,a,0.12,4.38,0,0,121,0.53,158
2025-12-29T23:33:38.683Z,a,0.12,4.38,0,0,121,0.53,158
2025-12-29T23:33:39.326Z,a,0.07,4.11,0,0,293,1.2,117
2025-12-29T23:33:39.327Z,a,0.07,4.11,0,0,293,1.2,117
2025-12-29T23:33:39.971Z,a,1.32,4.71,0,0,126,0.59,210
2025-12-29T23:33:39.971Z,a,1.32,4.71,0,0,126,0.59,210
2025-12-29T23:33:40.615Z,a,0.86,4.18,0,0,258,1.08,126
2025-12-29T23:33:40.615Z,a,0.86,4.18,0,0,258,1.08,126
2025-12-29T23:33:41.259Z,a,1.08,4.13,0,0,283,1.17,120
2025-12-29T23:33:41.260Z,a,1.08,4.13,0,0,283,1.17,120
2025-12-29T23:33:41.898Z,a,1.05,4.56,0,0,96,0.44,186
2025-12-29T23:33:41.899Z,a,1.05,4.56,0,0,96,0.44,186
2025-12-29T23:33:42.547Z,a,0.76,4.95,0,0,117,0.58,245
2025-12-29T23:33:42.546Z,a,0.76,4.95,0,0,117,0.58,245
2025-12-29T23:33:43.186Z,a,0.66,4.53,0,0,81,0.37,182
2025-12-29T23:33:43.187Z,a,0.66,4.53,0,0,81,0.37,182
2025-12-29T23:33:43.834Z,a,0.73,4.98,0,0,103,0.51,251
2025-12-29T23:33:43.835Z,a,0.73,4.98,0,0,103,0.51,251
2025-12-29T23:33:44.478Z,a,0.66,4.6,0,0,103,0.47,193
2025-12-29T23:33:44.479Z,a,0.66,4.6,0,0,103,0.47,193
2025-12-29T23:33:45.123Z,a,0.1,4.69,0,0,138,0.65,206
2025-12-29T23:33:45.123Z,a,0.1,4.69,0,0,138,0.65,206
2025-12-29T23:33:45.767Z,a,1.08,4.34,0,0,108,0.47,152
2025-12-29T23:33:45.767Z,a,1.08,4.34,0,0,108,0.47,152
2025-12-29T23:33:46.411Z,a,1.2,4.27,0,0,107,0.46,141
2025-12-29T23:33:46.411Z,a,1.2,4.27,0,0,107,0.46,141
2025-12-29T23:33:47.055Z,a,1.1,4.89,0,0,146,0.71,237
2025-12-29T23:33:47.056Z,a,1.1,4.89,0,0,146,0.71,237
2025-12-29T23:33:47.694Z,a,0.71,4.45,0,0,88,0.39,168
2025-12-29T23:33:47.695Z,a,0.71,4.45,0,0,88,0.39,168
2025-12-29T23:33:48.342Z,a,0.83,4.14,0,0,293,1.21,121
2025-12-29T23:33:48.343Z,a,0.83,4.14,0,0,293,1.21,121
2025-12-29T23:33:48.982Z,a,0.17,4.31,0,0,87,0.37,148
2025-12-29T23:33:48.982Z,a,0.17,4.31,0,0,87,0.37,148
2025-12-29T23:33:49.630Z,a,0.15,4.56,0,0,134,0.61,186
2025-12-29T23:33:49.630Z,a,0.15,4.56,0,0,134,0.61,186
2025-12-29T23:33:50.274Z,a,0.12,4.9,0,0,104,0.51,239
2025-12-29T23:33:50.274Z,a,0.12,4.9,0,0,104,0.51,239
2025-12-29T23:33:50.919Z,a,0.66,4.16,0,0,274,1.14,124
2025-12-29T23:33:50.919Z,a,0.66,4.16,0,0,274,1.14,124
2025-12-29T23:33:51.563Z,a,0.22,4.5,0,0,122,0.55,177
2025-12-29T23:33:51.563Z,a,0.22,4.5,0,0,122,0.55,177
2025-12-29T23:33:52.206Z,a,1.2,4.64,0,0,131,0.61,199
2025-12-29T23:33:52.207Z,a,1.2,4.64,0,0,131,0.61,199
2025-12-29T23:33:52.851Z,a,0.93,4.72,0,0,103,0.49,210
2025-12-29T23:33:52.852Z,a,0.93,4.72,0,0,103,0.49,210
2025-12-29T23:33:53.495Z,a,0.81,4.89,0,0,129,0.63,237
2025-12-29T23:33:53.496Z,a,0.81,4.89,0,0,129,0.63,237
2025-12-29T23:33:54.140Z,a,0.68,4.39,0,0,107,0.47,160
2025-12-29T23:33:54.140Z,a,0.68,4.39,0,0,107,0.47,160
2025-12-29T23:33:54.780Z,a,0.81,4.47,0,0,96,0.43,171
2025-12-29T23:33:54.781Z,a,0.81,4.47,0,0,96,0.43,171
2025-12-29T23:33:55.422Z,a,0.76,4.97,0,0,98,0.49,248
2025-12-29T23:33:55.421Z,a,0.76,4.97,0,0,98,0.49,248
2025-12-29T23:33:56.070Z,a,0.66,4.66,0,0,107,0.5,202
2025-12-29T23:33:56.071Z,a,0.66,4.66,0,0,107,0.5,202
2025-12-29T23:33:56.709Z,a,0.1,4.8,0,0,86,0.41,224
2025-12-29T23:33:56.710Z,a,0.1,4.8,0,0,86,0.41,224
2025-12-29T23:33:57.357Z,a,0.12,4.12,0,0,293,1.21,118
2025-12-29T23:33:57.358Z,a,0.12,4.12,0,0,293,1.21,118
2025-12-29T23:33:57.996Z,a,1.37,4.72,0,0,92,0.43,210
2025-12-29T23:33:57.997Z,a,1.37,4.72,0,0,92,0.43,210
2025-12-29T23:33:58.645Z,a,0.95,4.06,0,0,288,1.17,109
2025-12-29T23:33:58.645Z,a,0.95,4.06,0,0,288,1.17,109
2025-12-29T23:33:59.289Z,a,1.22,4.23,0,0,137,0.58,135
2025-12-29T23:33:59.289Z,a,1.22,4.23,0,0,137,0.58,135
2025-12-29T23:33:59.933Z,a,1.05,4.37,0,0,147,0.64,157
2025-12-29T23:33:59.934Z,a,1.05,4.37,0,0,147,0.64,157
2025-12-29T23:34:00.572Z,a,0.88,4.73,0,0,89,0.42,213
2025-12-29T23:34:00.573Z,a,0.88,4.73,0,0,89,0.42,213
2025-12-29T23:34:01.220Z,a,0.71,4.04,0,0,269,1.09,106
2025-12-29T23:34:01.221Z,a,0.71,4.04,0,0,269,1.09,106
2025-12-29T23:34:01.864Z,a,0.27,4.88,0,0,133,0.65,236
2025-12-29T23:34:01.865Z,a,0.27,4.88,0,0,133,0.65,236
2025-12-29T23:34:02.509Z,a,0.66,4.17,0,0,276,1.15,126
2025-12-29T23:34:02.509Z,a,0.66,4.17,0,0,276,1.15,126
2025-12-29T23:34:03.153Z,a,0.39,4.76,0,0,134,0.64,217
2025-12-29T23:34:03.154Z,a,0.39,4.76,0,0,134,0.64,217
2025-12-29T23:34:03.797Z,a,0,4.84,0,0,137,0.66,230
2025-12-29T23:34:03.798Z,a,0,4.84,0,0,137,0.66,230
2025-12-29T23:34:04.441Z,a,0.88,4.3,0,0,119,0.51,146
2025-12-29T23:34:04.442Z,a,0.88,4.3,0,0,119,0.51,146
2025-12-29T23:34:05.086Z,a,1.25,4.01,0,0,284,1.14,101
2025-12-29T23:34:05.086Z,a,1.25,4.01,0,0,284,1.14,101
2025-12-29T23:34:05.725Z,a,1.15,4.42,0,0,88,0.39,165
2025-12-29T23:34:05.726Z,a,1.15,4.42,0,0,88,0.39,165
2025-12-29T23:34:06.373Z,a,0.93,4.31,0,0,138,0.59,148
2025-12-29T23:34:06.374Z,a,0.93,4.31,0,0,138,0.59,148
2025-12-29T23:34:07.017Z,a,0.86,4.92,0,0,109,0.54,242
2025-12-29T23:34:07.018Z,a,0.86,4.92,0,0,109,0.54,242
2025-12-29T23:34:07.662Z,a,0.66,4.48,0,0,118,0.53,174
2025-12-29T23:34:07.663Z,a,0.66,4.48,0,0,118,0.53,174
2025-12-29T23:34:08.306Z,a,0.12,4.4,0,0,149,0.66,162
2025-12-29T23:34:08.306Z,a,0.12,4.4,0,0,149,0.66,162
2025-12-29T23:34:08.950Z,a,0.15,4.41,0,0,107,0.47,163
2025-12-29T23:34:08.950Z,a,0.15,4.41,0,0,107,0.47,163
2025-12-29T23:34:09.589Z,a,0.2,4.2,0,0,94,0.39,129
2025-12-29T23:34:09.589Z,a,0.2,4.2,0,0,94,0.39,129
2025-12-29T23:34:10.237Z,a,1.32,4.04,0,0,258,1.04,106
2025-12-29T23:34:10.238Z,a,1.32,4.04,0,0,258,1.04,106
2025-12-29T23:34:10.907Z,a,1.34,4.2,0,0,132,0.55,129
2025-12-29T23:34:10.907Z,a,1.34,4.2,0,0,132,0.55,129
2025-12-29T23:34:11.526Z,a,1.2,4.57,0,0,122,0.56,188
2025-12-29T23:34:11.528Z,a,1.2,4.57,0,0,122,0.56,188
2025-12-29T23:34:12.170Z,a,0.88,4.12,0,0,285,1.17,118
2025-12-29T23:34:12.170Z,a,0.88,4.12,0,0,285,1.17,118
2025-12-29T23:34:12.815Z,a,1.03,4.11,0,0,277,1.14,117
2025-12-29T23:34:12.815Z,a,1.03,4.11,0,0,277,1.14,117
2025-12-29T23:34:13.459Z,a,0.15,4.21,0,0,126,0.53,132
2025-12-29T23:34:13.459Z,a,0.15,4.21,0,0,126,0.53,132
2025-12-29T23:34:14.103Z,a,0.15,4.18,0,0,262,1.1,126
2025-12-29T23:34:14.103Z,a,0.15,4.18,0,0,262,1.1,126
2025-12-29T23:34:14.747Z,a,0.29,4.78,0,0,140,0.67,220
2025-12-29T23:34:14.747Z,a,0.29,4.78,0,0,140,0.67,220
2025-12-29T23:34:15.391Z,a,0.1,4.72,0,0,136,0.64,210
2025-12-29T23:34:15.392Z,a,0.1,4.72,0,0,136,0.64,210
2025-12-29T23:34:16.035Z,a,1.1,4.58,0,0,138,0.63,189
2025-12-29T23:34:16.036Z,a,1.1,4.58,0,0,138,0.63,189
2025-12-29T23:34:16.680Z,a,1.1,4.89,0,0,135,0.66,237
2025-12-29T23:34:16.680Z,a,1.1,4.89,0,0,135,0.66,237
2025-12-29T23:34:17.324Z,a,0.73,4.63,0,0,115,0.53,197
2025-12-29T23:34:17.325Z,a,0.73,4.63,0,0,115,0.53,197
2025-12-29T23:34:17.963Z,a,0.86,4.64,0,0,82,0.38,199
2025-12-29T23:34:17.963Z,a,0.86,4.64,0,0,82,0.38,199
2025-12-29T23:34:18.611Z,a,0.78,4.09,0,0,259,1.06,113
2025-12-29T23:34:18.612Z,a,0.78,4.09,0,0,259,1.06,113
2025-12-29T23:34:19.256Z,a,0.17,4.21,0,0,129,0.54,132
2025-12-29T23:34:19.258Z,a,0.17,4.21,0,0,129,0.54,132
2025-12-29T23:34:19.894Z,a,0.15,4.73,0,0,86,0.41,213
2025-12-29T23:34:19.895Z,a,0.15,4.73,0,0,86,0.41,213
2025-12-29T23:34:20.543Z,a,0.68,4.46,0,0,138,0.62,171
2025-12-29T23:34:20.543Z,a,0.68,4.46,0,0,138,0.62,171
2025-12-29T23:34:21.187Z,a,0.15,4.05,0,0,287,1.16,107
2025-12-29T23:34:21.187Z,a,0.15,4.05,0,0,287,1.16,107
2025-12-29T23:34:21.831Z,a,0.29,4.07,0,0,257,1.05,110
2025-12-29T23:34:21.832Z,a,0.29,4.07,0,0,257,1.05,110
2025-12-29T23:34:22.476Z,a,1.34,4.87,0,0,139,0.68,234
2025-12-29T23:34:22.476Z,a,1.34,4.87,0,0,139,0.68,234
2025-12-29T23:34:23.120Z,a,0.76,4.7,0,0,142,0.67,206
2025-12-29T23:34:23.120Z,a,0.76,4.7,0,0,142,0.67,206
2025-12-29T23:34:23.764Z,a,0.83,4.45,0,0,121,0.54,168
2025-12-29T23:34:23.764Z,a,0.83,4.45,0,0,121,0.54,168
2025-12-29T23:34:24.408Z,a,0.88,4.63,0,0,101,0.47,197
2025-12-29T23:34:24.409Z,a,0.88,4.63,0,0,101,0.47,197
2025-12-29T23:34:25.047Z,a,0.76,4.44,0,0,86,0.38,168
2025-12-29T23:34:25.047Z,a,0.76,4.44,0,0,86,0.38,168
2025-12-29T23:34:25.695Z,a,0.76,4.54,0,0,146,0.66,183
2025-12-29T23:34:25.696Z,a,0.76,4.54,0,0,146,0.66,183
2025-12-29T23:34:26.340Z,a,0.73,4.61,0,0,117,0.54,194
2025-12-29T23:34:26.340Z,a,0.73,4.61,0,0,117,0.54,194
2025-12-29T23:34:26.984Z,a,0.12,4.88,0,0,132,0.64,236
2025-12-29T23:34:26.984Z,a,0.12,4.88,0,0,132,0.64,236
2025-12-29T23:34:27.628Z,a,0.64,4.04,0,0,293,1.18,106
2025-12-29T23:34:27.628Z,a,0.64,4.04,0,0,293,1.18,106
2025-12-29T23:34:28.272Z,a,1.37,4.89,0,0,149,0.73,237
2025-12-29T23:34:28.273Z,a,1.37,4.89,0,0,149,0.73,237
2025-12-29T23:34:28.911Z,a,0.76,4.21,0,0,99,0.42,132
2025-12-29T23:34:28.913Z,a,0.76,4.21,0,0,99,0.42,132
2025-12-29T23:34:29.554Z,a,1.17,4.69,0,0,98,0.46,206
2025-12-29T23:34:29.555Z,a,1.17,4.69,0,0,98,0.46,206
2025-12-29T23:34:30.198Z,a,0.81,4.95,0,0,98,0.49,245
2025-12-29T23:34:30.198Z,a,0.81,4.95,0,0,98,0.49,245
2025-12-29T23:34:30.846Z,a,0.68,4.02,0,0,264,1.06,103
2025-12-29T23:34:30.847Z,a,0.68,4.02,0,0,264,1.06,103
2025-12-29T23:34:31.490Z,a,0.17,4.61,0,0,117,0.54,194
2025-12-29T23:34:31.491Z,a,0.17,4.61,0,0,117,0.54,194
2025-12-29T23:34:32.134Z,a,0.71,4.21,0,0,131,0.55,132
2025-12-29T23:34:32.135Z,a,0.71,4.21,0,0,131,0.55,132
2025-12-29T23:34:32.779Z,a,0.2,4.47,0,0,122,0.55,171
2025-12-29T23:34:32.780Z,a,0.2,4.47,0,0,122,0.55,171
2025-12-29T23:34:33.423Z,a,0.12,4.85,0,0,123,0.6,231
2025-12-29T23:34:33.423Z,a,0.12,4.85,0,0,123,0.6,231
2025-12-29T23:34:34.067Z,a,0.02,4.09,0,0,297,1.21,113
2025-12-29T23:34:34.067Z,a,0.02,4.09,0,0,297,1.21,113
2025-12-29T23:34:34.711Z,a,1.34,4.34,0,0,149,0.65,152
2025-12-29T23:34:34.712Z,a,1.34,4.34,0,0,149,0.65,152
2025-12-29T23:34:35.350Z,a,1.2,4.93,0,0,80,0.39,242
2025-12-29T23:34:35.351Z,a,1.2,4.93,0,0,80,0.39,242
2025-12-29T23:34:35.998Z,a,0.71,4.86,0,0,129,0.63,233
2025-12-29T23:34:35.999Z,a,0.71,4.86,0,0,129,0.63,233
2025-12-29T23:34:36.642Z,a,0.71,4.5,0,0,144,0.65,177
2025-12-29T23:34:36.643Z,a,0.71,4.5,0,0,144,0.65,177
2025-12-29T23:34:37.282Z,a,0.83,4.62,0,0,81,0.37,196
2025-12-29T23:34:37.282Z,a,0.83,4.62,0,0,81,0.37,196
2025-12-29T23:34:37.925Z,a,0.73,4.63,0,0,99,0.46,197
2025-12-29T23:34:37.926Z,a,0.73,4.63,0,0,99,0.46,197
2025-12-29T23:34:38.574Z,a,0.71,4.73,0,0,108,0.51,213
2025-12-29T23:34:38.574Z,a,0.71,4.73,0,0,108,0.51,213
2025-12-29T23:34:39.218Z,a,0.68,4.35,0,0,136,0.59,154
2025-12-29T23:34:39.219Z,a,0.68,4.35,0,0,136,0.59,154
2025-12-29T23:34:39.862Z,a,0.22,4.45,0,0,102,0.45,168
2025-12-29T23:34:39.863Z,a,0.22,4.45,0,0,102,0.45,168
2025-12-29T23:34:40.501Z,a,0,4.64,0,0,83,0.39,199
2025-12-29T23:34:40.501Z,a,0,4.64,0,0,83,0.39,199
2025-12-29T23:34:41.149Z,a,1.15,4.71,0,0,143,0.67,210
2025-12-29T23:34:41.149Z,a,1.15,4.71,0,0,143,0.67,210
2025-12-29T23:34:41.793Z,a,0.93,4.81,0,0,117,0.56,225
2025-12-29T23:34:41.794Z,a,0.93,4.81,0,0,117,0.56,225
2025-12-29T23:34:42.437Z,a,0.76,4.14,0,0,287,1.19,121
2025-12-29T23:34:42.438Z,a,0.76,4.14,0,0,287,1.19,121
2025-12-29T23:34:43.082Z,a,1.03,4.24,0,0,116,0.49,135
2025-12-29T23:34:43.084Z,a,1.03,4.24,0,0,116,0.49,135
2025-12-29T23:34:43.726Z,a,0.95,4.36,0,0,148,0.65,155
2025-12-29T23:34:43.726Z,a,0.95,4.36,0,0,148,0.65,155
2025-12-29T23:34:44.370Z,a,0.83,4.12,0,0,266,1.1,118
2025-12-29T23:34:44.370Z,a,0.83,4.12,0,0,266,1.1,118
2025-12-29T23:34:45.014Z,a,0.27,4.36,0,0,110,0.48,155
2025-12-29T23:34:45.015Z,a,0.27,4.36,0,0,110,0.48,155
2025-12-29T23:34:45.659Z,a,0.17,4.66,0,0,116,0.54,202
2025-12-29T23:34:45.660Z,a,0.17,4.66,0,0,116,0.54,202
2025-12-29T23:34:46.303Z,a,0.1,4.13,0,0,286,1.18,120
2025-12-29T23:34:46.303Z,a,0.1,4.13,0,0,286,1.18,120
2025-12-29T23:34:46.947Z,a,1.34,4.36,0,0,147,0.64,155
2025-12-29T23:34:46.947Z,a,1.34,4.36,0,0,147,0.64,155
2025-12-29T23:34:47.591Z,a,1.22,4.38,0,0,148,0.65,158
2025-12-29T23:34:47.592Z,a,1.22,4.38,0,0,148,0.65,158
2025-12-29T23:34:48.236Z,a,1.05,4.29,0,0,133,0.57,144
2025-12-29T23:34:48.236Z,a,1.05,4.29,0,0,133,0.57,144
2025-12-29T23:34:48.874Z,a,0.98,4.59,0,0,91,0.42,191
2025-12-29T23:34:48.875Z,a,0.98,4.59,0,0,91,0.42,191
2025-12-29T23:34:49.518Z,a,0.78,4.34,0,0,89,0.39,152
2025-12-29T23:34:49.519Z,a,0.78,4.34,0,0,89,0.39,152
2025-12-29T23:34:50.166Z,a,0.86,4.59,0,0,134,0.62,191
2025-12-29T23:34:50.166Z,a,0.86,4.59,0,0,134,0.62,191
2025-12-29T23:34:50.810Z,a,0.71,4.33,0,0,125,0.54,151
2025-12-29T23:34:50.811Z,a,0.71,4.33,0,0,125,0.54,151
2025-12-29T23:34:51.454Z,a,0.15,4.87,0,0,126,0.61,234
2025-12-29T23:34:51.455Z,a,0.15,4.87,0,0,126,0.61,234
2025-12-29T23:34:52.098Z,a,0.66,4.44,0,0,115,0.51,168
2025-12-29T23:34:52.099Z,a,0.66,4.44,0,0,115,0.51,168
2025-12-29T23:34:52.743Z,a,0.02,4.25,0,0,116,0.49,138
2025-12-29T23:34:52.744Z,a,0.02,4.25,0,0,116,0.49,138
2025-12-29T23:34:53.387Z,a,1.32,4.62,0,0,120,0.55,196
2025-12-29T23:34:53.388Z,a,1.32,4.62,0,0,120,0.55,196
2025-12-29T23:34:54.031Z,a,0.95,4.83,0,0,124,0.6,228
2025-12-29T23:34:54.032Z,a,0.95,4.83,0,0,124,0.6,228
2025-12-29T23:34:54.670Z,a,0.73,4.34,0,0,84,0.36,152
2025-12-29T23:34:54.671Z,a,0.73,4.34,0,0,84,0.36,152
2025-12-29T23:34:55.319Z,a,0.9,4.82,0,0,138,0.67,227
2025-12-29T23:34:55.319Z,a,0.9,4.82,0,0,138,0.67,227
2025-12-29T23:34:55.958Z,a,0.71,4.48,0,0,85,0.38,174
2025-12-29T23:34:55.959Z,a,0.71,4.48,0,0,85,0.38,174
2025-12-29T23:34:56.601Z,a,0.76,4.2,0,0,90,0.38,129
2025-12-29T23:34:56.601Z,a,0.76,4.2,0,0,90,0.38,129
2025-12-29T23:34:57.244Z,a,0.17,4.35,0,0,87,0.38,154
2025-12-29T23:34:57.245Z,a,0.17,4.35,0,0,87,0.38,154
2025-12-29T23:34:57.892Z,a,0.15,4.3,0,0,135,0.58,146
2025-12-29T23:34:57.893Z,a,0.15,4.3,0,0,135,0.58,146
2025-12-29T23:34:58.536Z,a,0.29,4.64,0,0,137,0.64,199
2025-12-29T23:34:58.537Z,a,0.29,4.64,0,0,137,0.64,199
2025-12-29T23:34:59.176Z,a,0,4.69,0,0,88,0.41,206
2025-12-29T23:34:59.176Z,a,0,4.69,0,0,88,0.41,206
2025-12-29T23:34:59.824Z,a,1.05,4.82,0,0,110,0.53,227
2025-12-29T23:34:59.825Z,a,1.05,4.82,0,0,110,0.53,227
2025-12-29T23:35:00.463Z,a,0.81,4.84,0,0,96,0.46,230
2025-12-29T23:35:00.464Z,a,0.81,4.84,0,0,96,0.46,230
2025-12-29T23:35:01.111Z,a,0.76,4.93,0,0,116,0.57,242
2025-12-29T23:35:01.112Z,a,0.76,4.93,0,0,116,0.57,242
2025-12-29T23:35:01.793Z,a,0.68,4.08,0,0,275,1.12,112
2025-12-29T23:35:01.793Z,a,0.68,4.08,0,0,275,1.12,112
2025-12-29T23:35:02.395Z,a,0.15,4.93,0,0,97,0.48,242
2025-12-29T23:35:02.395Z,a,0.15,4.93,0,0,97,0.48,242
2025-12-29T23:35:03.043Z,a,0.68,4.51,0,0,144,0.65,179
2025-12-29T23:35:03.044Z,a,0.68,4.51,0,0,144,0.65,179
2025-12-29T23:35:03.682Z,a,0.73,4.39,0,0,83,0.36,160
2025-12-29T23:35:03.683Z,a,0.73,4.39,0,0,83,0.36,160
2025-12-29T23:35:04.330Z,a,0.12,4.21,0,0,101,0.43,132
2025-12-29T23:35:04.331Z,a,0.12,4.21,0,0,101,0.43,132
2025-12-29T23:35:04.975Z,a,0.37,4.29,0,0,110,0.47,144
2025-12-29T23:35:04.975Z,a,0.37,4.29,0,0,110,0.47,144
2025-12-29T23:35:05.614Z,a,0.15,4.66,0,0,99,0.46,202
2025-12-29T23:35:05.615Z,a,0.15,4.66,0,0,99,0.46,202
2025-12-29T23:35:06.262Z,a,1.08,4.75,0,0,135,0.64,216
2025-12-29T23:35:06.263Z,a,1.08,4.75,0,0,135,0.64,216
2025-12-29T23:35:06.906Z,a,0.86,4.67,0,0,116,0.54,203
2025-12-29T23:35:06.907Z,a,0.86,4.67,0,0,116,0.54,203
2025-12-29T23:35:07.545Z,a,0.86,4.45,0,0,90,0.4,168
2025-12-29T23:35:07.546Z,a,0.86,4.45,0,0,90,0.4,168
2025-12-29T23:35:08.193Z,a,0.9,4.4,0,0,111,0.49,162
2025-12-29T23:35:08.194Z,a,0.9,4.4,0,0,111,0.49,162
2025-12-29T23:35:08.838Z,a,0.83,4.73,0,0,116,0.55,213
2025-12-29T23:35:08.838Z,a,0.83,4.73,0,0,116,0.55,213
2025-12-29T23:35:09.482Z,a,0.71,4.95,0,0,127,0.63,245
2025-12-29T23:35:09.483Z,a,0.71,4.95,0,0,127,0.63,245
2025-12-29T23:35:10.126Z,a,0.66,4.99,0,0,144,0.72,251
2025-12-29T23:35:10.127Z,a,0.66,4.99,0,0,144,0.72,251
2025-12-29T23:35:10.770Z,a,0.66,4.13,0,0,257,1.06,120
2025-12-29T23:35:10.771Z,a,0.66,4.13,0,0,257,1.06,120
2025-12-29T23:35:11.415Z,a,0.39,4.32,0,0,120,0.52,149
2025-12-29T23:35:11.415Z,a,0.39,4.32,0,0,120,0.52,149
2025-12-29T23:35:12.054Z,a,1.32,4.44,0,0,94,0.42,168
2025-12-29T23:35:12.054Z,a,1.32,4.44,0,0,94,0.42,168
2025-12-29T23:35:12.702Z,a,1.2,4.72,0,0,105,0.5,210
2025-12-29T23:35:12.703Z,a,1.2,4.72,0,0,105,0.5,210
2025-12-29T23:35:13.346Z,a,0.86,4.75,0,0,122,0.58,216
2025-12-29T23:35:13.347Z,a,0.86,4.75,0,0,122,0.58,216
2025-12-29T23:35:13.990Z,a,0.76,4.37,0,0,139,0.61,157
2025-12-29T23:35:13.991Z,a,0.76,4.37,0,0,139,0.61,157
2025-12-29T23:35:14.635Z,a,0.88,4.95,0,0,123,0.61,245
2025-12-29T23:35:14.635Z,a,0.88,4.95,0,0,123,0.61,245
2025-12-29T23:35:15.279Z,a,0.66,4.82,0,0,141,0.68,227
2025-12-29T23:35:15.281Z,a,0.66,4.82,0,0,141,0.68,227
2025-12-29T23:35:15.918Z,a,0.68,4.63,0,0,86,0.4,197
2025-12-29T23:35:15.918Z,a,0.68,4.63,0,0,86,0.4,197
2025-12-29T23:35:16.566Z,a,0.71,4.38,0,0,137,0.6,158
2025-12-29T23:35:16.567Z,a,0.71,4.38,0,0,137,0.6,158
2025-12-29T23:35:17.211Z,a,0.2,4.25,0,0,141,0.6,138
2025-12-29T23:35:17.211Z,a,0.2,4.25,0,0,141,0.6,138
2025-12-29T23:35:17.855Z,a,0.2,4.18,0,0,264,1.1,126
2025-12-29T23:35:17.855Z,a,0.2,4.18,0,0,264,1.1,126
2025-12-29T23:35:18.499Z,a,1.34,4.55,0,0,136,0.62,185
2025-12-29T23:35:18.499Z,a,1.34,4.55,0,0,136,0.62,185
2025-12-29T23:35:19.143Z,a,1.05,4.15,0,0,279,1.16,123
2025-12-29T23:35:19.143Z,a,1.05,4.15,0,0,279,1.16,123
2025-12-29T23:35:19.788Z,a,1.12,4.07,0,0,295,1.2,110
2025-12-29T23:35:19.788Z,a,1.12,4.07,0,0,295,1.2,110
2025-12-29T23:35:20.432Z,a,1.1,4.35,0,0,140,0.61,154
2025-12-29T23:35:20.432Z,a,1.1,4.35,0,0,140,0.61,154
2025-12-29T23:35:21.076Z,a,0.86,4.9,0,0,108,0.53,239
2025-12-29T23:35:21.076Z,a,0.86,4.9,0,0,108,0.53,239
2025-12-29T23:35:21.715Z,a,0.68,4.93,0,0,93,0.46,242
2025-12-29T23:35:21.715Z,a,0.68,4.93,0,0,93,0.46,242
2025-12-29T23:35:22.363Z,a,0.66,4.21,0,0,100,0.42,132
2025-12-29T23:35:22.363Z,a,0.66,4.21,0,0,100,0.42,132
2025-12-29T23:35:23.007Z,a,0.27,4.35,0,0,117,0.51,154
2025-12-29T23:35:23.008Z,a,0.27,4.35,0,0,117,0.51,154
2025-12-29T23:35:23.649Z,a,0.27,4.94,0,0,81,0.4,245
2025-12-29T23:35:23.649Z,a,0.27,4.94,0,0,81,0.4,245
2025-12-29T23:35:24.295Z,a,0.78,4.17,0,0,250,1.04,126
2025-12-29T23:35:24.295Z,a,0.78,4.17,0,0,250,1.04,126
2025-12-29T23:35:24.939Z,a,1.32,4.09,0,0,252,1.03,113
2025-12-29T23:35:24.939Z,a,1.32,4.09,0,0,252,1.03,113
2025-12-29T23:35:25.583Z,a,1.25,4.44,0,0,141,0.63,168
2025-12-29T23:35:25.583Z,a,1.25,4.44,0,0,141,0.63,168
2025-12-29T23:35:26.228Z,a,0.95,4.03,0,0,271,1.09,104
2025-12-29T23:35:26.228Z,a,0.95,4.03,0,0,271,1.09,104
2025-12-29T23:35:26.872Z,a,0.17,4.07,0,0,264,1.07,110
2025-12-29T23:35:26.872Z,a,0.17,4.07,0,0,264,1.07,110
2025-12-29T23:35:27.516Z,a,0.17,4.38,0,0,113,0.49,158
2025-12-29T23:35:27.516Z,a,0.17,4.38,0,0,113,0.49,158
2025-12-29T23:35:28.160Z,a,0.81,4.88,0,0,109,0.53,236
2025-12-29T23:35:28.160Z,a,0.81,4.88,0,0,109,0.53,236
2025-12-29T23:35:28.804Z,a,0.66,4.13,0,0,273,1.13,120
2025-12-29T23:35:28.804Z,a,0.66,4.13,0,0,273,1.13,120
2025-12-29T23:35:29.448Z,a,0.39,4.27,0,0,121,0.52,141
2025-12-29T23:35:29.449Z,a,0.39,4.27,0,0,121,0.52,141
2025-12-29T23:35:30.088Z,a,0.39,4.38,0,0,85,0.37,158
2025-12-29T23:35:30.088Z,a,0.39,4.38,0,0,85,0.37,158
2025-12-29T23:35:30.736Z,a,1.32,4.35,0,0,142,0.62,154
2025-12-29T23:35:30.736Z,a,1.32,4.35,0,0,142,0.62,154
2025-12-29T23:35:31.380Z,a,1.25,4.69,0,0,146,0.68,206
2025-12-29T23:35:31.380Z,a,1.25,4.69,0,0,146,0.68,206
2025-12-29T23:35:32.024Z,a,0.88,4.23,0,0,105,0.44,135
2025-12-29T23:35:32.025Z,a,0.88,4.23,0,0,105,0.44,135
2025-12-29T23:35:32.668Z,a,1.05,4.34,0,0,121,0.53,152
2025-12-29T23:35:32.669Z,a,1.05,4.34,0,0,121,0.53,152
2025-12-29T23:35:33.307Z,a,0.9,4.43,0,0,97,0.43,165
2025-12-29T23:35:33.308Z,a,0.9,4.43,0,0,97,0.43,165
2025-12-29T23:35:33.956Z,a,0.81,4.12,0,0,272,1.12,118
2025-12-29T23:35:33.956Z,a,0.81,4.12,0,0,272,1.12,118
2025-12-29T23:35:34.600Z,a,0.2,4.19,0,0,276,1.16,129
2025-12-29T23:35:34.601Z,a,0.2,4.19,0,0,276,1.16,129
2025-12-29T23:35:35.244Z,a,0.24,4.69,0,0,105,0.49,206
2025-12-29T23:35:35.245Z,a,0.24,4.69,0,0,105,0.49,206
2025-12-29T23:35:35.889Z,a,0.12,4.6,0,0,145,0.67,193
2025-12-29T23:35:35.889Z,a,0.12,4.6,0,0,145,0.67,193
2025-12-29T23:35:36.533Z,a,0,4.13,0,0,271,1.12,120
2025-12-29T23:35:36.533Z,a,0,4.13,0,0,271,1.12,120
2025-12-29T23:35:37.177Z,a,1.34,4.41,0,0,128,0.56,163
2025-12-29T23:35:37.178Z,a,1.34,4.41,0,0,128,0.56,163
2025-12-29T23:35:37.822Z,a,1.17,4.63,0,0,131,0.61,197
2025-12-29T23:35:37.822Z,a,1.17,4.63,0,0,131,0.61,197
2025-12-29T23:35:38.466Z,a,0.88,4.57,0,0,100,0.46,188
2025-12-29T23:35:38.466Z,a,0.88,4.57,0,0,100,0.46,188
2025-12-29T23:35:39.111Z,a,0.83,4.49,0,0,115,0.52,174
2025-12-29T23:35:39.110Z,a,0.83,4.49,0,0,115,0.52,174
2025-12-29T23:35:39.754Z,a,0.81,4.87,0,0,137,0.67,234
2025-12-29T23:35:39.754Z,a,0.81,4.87,0,0,137,0.67,234
2025-12-29T23:35:40.398Z,a,0.59,4.62,0,0,148,0.68,196
2025-12-29T23:35:40.399Z,a,0.59,4.62,0,0,148,0.68,196
2025-12-29T23:35:41.042Z,a,0.71,4.25,0,0,106,0.45,138
2025-12-29T23:35:41.043Z,a,0.71,4.25,0,0,106,0.45,138
2025-12-29T23:35:41.682Z,a,0.24,4.6,0,0,89,0.41,193
2025-12-29T23:35:41.681Z,a,0.24,4.6,0,0,89,0.41,193
2025-12-29T23:35:42.330Z,a,0.12,4.64,0,0,106,0.49,199
2025-12-29T23:35:42.330Z,a,0.12,4.64,0,0,106,0.49,199
2025-12-29T23:35:42.974Z,a,1.17,4.76,0,0,101,0.48,217
2025-12-29T23:35:42.975Z,a,1.17,4.76,0,0,101,0.48,217
2025-12-29T23:35:43.613Z,a,0.9,4.59,0,0,97,0.45,191
2025-12-29T23:35:43.614Z,a,0.9,4.59,0,0,97,0.45,191
2025-12-29T23:35:44.261Z,a,0.98,4.01,0,0,252,1.01,101
2025-12-29T23:35:44.262Z,a,0.98,4.01,0,0,252,1.01,101
2025-12-29T23:35:44.906Z,a,1.1,4.98,0,0,128,0.64,251
2025-12-29T23:35:44.906Z,a,1.1,4.98,0,0,128,0.64,251
2025-12-29T23:35:45.550Z,a,0.66,4.05,0,0,283,1.15,107
2025-12-29T23:35:45.550Z,a,0.66,4.05,0,0,283,1.15,107
2025-12-29T23:35:46.195Z,a,0.17,4.35,0,0,131,0.57,154
2025-12-29T23:35:46.196Z,a,0.17,4.35,0,0,131,0.57,154
2025-12-29T23:35:46.838Z,a,0.12,4.12,0,0,271,1.12,118
2025-12-29T23:35:46.839Z,a,0.12,4.12,0,0,271,1.12,118
2025-12-29T23:35:47.483Z,a,0.32,4.23,0,0,89,0.38,135
2025-12-29T23:35:47.484Z,a,0.32,4.23,0,0,89,0.38,135
2025-12-29T23:35:48.126Z,a,0.32,4.22,0,0,148,0.62,132
2025-12-29T23:35:48.126Z,a,0.32,4.22,0,0,148,0.62,132
2025-12-29T23:35:48.771Z,a,0.39,4.02,0,0,279,1.12,103
2025-12-29T23:35:48.773Z,a,0.39,4.02,0,0,279,1.12,103
2025-12-29T23:35:49.414Z,a,1.37,4.04,0,0,266,1.07,106
2025-12-29T23:35:49.415Z,a,1.37,4.04,0,0,266,1.07,106
2025-12-29T23:35:50.058Z,a,1.3,4.83,0,0,142,0.69,228
2025-12-29T23:35:50.058Z,a,1.3,4.83,0,0,142,0.69,228
2025-12-29T23:35:50.703Z,a,0.76,4.31,0,0,129,0.56,148
2025-12-29T23:35:50.703Z,a,0.76,4.31,0,0,129,0.56,148
2025-12-29T23:35:51.342Z,a,0.95,4.36,0,0,82,0.36,155
2025-12-29T23:35:51.342Z,a,0.95,4.36,0,0,82,0.36,155
2025-12-29T23:35:51.990Z,a,0.88,4.78,0,0,106,0.51,220
2025-12-29T23:35:51.991Z,a,0.88,4.78,0,0,106,0.51,220
2025-12-29T23:35:52.634Z,a,0.68,4.58,0,0,128,0.59,189
2025-12-29T23:35:52.634Z,a,0.68,4.58,0,0,128,0.59,189
2025-12-29T23:35:53.278Z,a,0.71,4.79,0,0,125,0.6,222
2025-12-29T23:35:53.279Z,a,0.71,4.79,0,0,125,0.6,222
2025-12-29T23:35:53.922Z,a,0.66,4.25,0,0,112,0.48,138
2025-12-29T23:35:53.922Z,a,0.66,4.25,0,0,112,0.48,138
2025-12-29T23:35:54.567Z,a,0.34,4.51,0,0,114,0.51,179
2025-12-29T23:35:54.567Z,a,0.34,4.51,0,0,114,0.51,179
2025-12-29T23:35:55.211Z,a,0,4.03,0,0,281,1.13,104
2025-12-29T23:35:55.211Z,a,0,4.03,0,0,281,1.13,104
2025-12-29T23:35:55.856Z,a,1.34,4.33,0,0,141,0.61,151
2025-12-29T23:35:55.857Z,a,1.34,4.33,0,0,141,0.61,151
2025-12-29T23:35:56.499Z,a,1.2,4.17,0,0,271,1.13,126
2025-12-29T23:35:56.500Z,a,1.2,4.17,0,0,271,1.13,126
2025-12-29T23:35:57.144Z,a,1.1,4.92,0,0,128,0.63,242
2025-12-29T23:35:57.144Z,a,1.1,4.92,0,0,128,0.63,242
2025-12-29T23:35:57.782Z,a,0.68,4.95,0,0,92,0.46,245
2025-12-29T23:35:57.783Z,a,0.68,4.95,0,0,92,0.46,245
2025-12-29T23:35:58.431Z,a,0.68,4.51,0,0,135,0.61,179
2025-12-29T23:35:58.432Z,a,0.68,4.51,0,0,135,0.61,179
2025-12-29T23:35:59.076Z,a,0.73,4.99,0,0,137,0.68,251
2025-12-29T23:35:59.077Z,a,0.73,4.99,0,0,137,0.68,251
2025-12-29T23:35:59.719Z,a,0.66,4.94,0,0,120,0.59,245
2025-12-29T23:35:59.720Z,a,0.66,4.94,0,0,120,0.59,245
2025-12-29T23:36:00.364Z,a,0.66,4.26,0,0,122,0.52,140
2025-12-29T23:36:00.364Z,a,0.66,4.26,0,0,122,0.52,140
2025-12-29T23:36:01.009Z,a,0.37,4.15,0,0,275,1.14,123
2025-12-29T23:36:01.010Z,a,0.37,4.15,0,0,275,1.14,123
2025-12-29T23:36:01.552Z,,,,,,,,
2025-12-29T23:36:01.553Z,,,,,,,,
2025-12-29T23:36:01.661Z,m,0.39,4.15,0,0,258,1.07,123
2025-12-29T23:36:01.661Z,m,0.39,4.15,0,0,258,1.07,123
2025-12-29T23:36:02.310Z,m,0.2,4.15,0,0,269,1.12,123
2025-12-29T23:36:02.310Z,m,0.2,4.15,0,0,269,1.12,123
2025-12-29T23:36:02.953Z,m,0.15,4.15,0,0,271,1.12,123
2025-12-29T23:36:02.954Z,m,0.15,4.15,0,0,271,1.12,123
2025-12-29T23:36:03.598Z,m,0.24,2.85,3,5,292,0.83,162
2025-12-29T23:36:03.599Z,m,0.24,2.85,3,5,292,0.83,162
2025-12-29T23:36:04.243Z,m,0.12,2.85,3,5,287,0.82,162
2025-12-29T23:36:04.244Z,m,0.12,2.85,3,5,287,0.82,162
2025-12-29T23:36:04.885Z,m,0.81,2.85,3,5,283,0.81,162
2025-12-29T23:36:04.886Z,m,0.81,2.85,3,5,283,0.81,162
2025-12-29T23:36:05.532Z,m,0.83,2.85,3,5,270,0.77,162
2025-12-29T23:36:05.533Z,m,0.83,2.85,3,5,270,0.77,162
2025-12-29T23:36:06.175Z,m,0.9,2.85,3,5,251,0.72,162
2025-12-29T23:36:06.176Z,m,0.9,2.85,3,5,251,0.72,162
2025-12-29T23:36:06.818Z,m,0.98,2.85,3,5,290,0.83,162
2025-12-29T23:36:06.818Z,m,0.98,2.85,3,5,290,0.83,162
2025-12-29T23:36:07.465Z,m,1.08,2.85,3,5,251,0.72,162
2025-12-29T23:36:07.464Z,m,1.08,2.85,3,5,251,0.72,162
2025-12-29T23:36:08.106Z,m,1.15,2.85,3,5,251,0.72,162
2025-12-29T23:36:08.106Z,m,1.15,2.85,3,5,251,0.72,162
2025-12-29T23:36:08.749Z,m,1.27,2.85,3,5,267,0.76,162
2025-12-29T23:36:08.750Z,m,1.27,2.85,3,5,267,0.76,162
2025-12-29T23:36:09.394Z,m,1.32,2.85,3,5,263,0.75,162
2025-12-29T23:36:09.394Z,m,1.32,2.85,3,5,263,0.75,162
2025-12-29T23:36:10.038Z,m,0.05,2.85,3,5,284,0.81,162
2025-12-29T23:36:10.039Z,m,0.05,2.85,3,5,284,0.81,162
2025-12-29T23:36:10.682Z,m,0.2,2.85,3,5,291,0.83,162
2025-12-29T23:36:10.682Z,m,0.2,2.85,3,5,291,0.83,162
2025-12-29T23:36:11.329Z,m,0.15,2.85,3,5,259,0.74,162
2025-12-29T23:36:11.327Z,m,0.15,2.85,3,5,259,0.74,162
2025-12-29T23:36:11.970Z,m,0.15,2.85,3,5,297,0.85,162
2025-12-29T23:36:11.970Z,m,0.15,2.85,3,5,297,0.85,162
2025-12-29T23:36:12.614Z,m,0.12,2.85,3,5,263,0.75,162
2025-12-29T23:36:12.614Z,m,0.12,2.85,3,5,263,0.75,162
2025-12-29T23:36:13.258Z,m,0.81,2.85,3,5,298,0.85,162
2025-12-29T23:36:13.258Z,m,0.81,2.85,3,5,298,0.85,162
2025-12-29T23:36:13.902Z,m,0.81,2.85,3,5,267,0.76,162
2025-12-29T23:36:13.902Z,m,0.81,2.85,3,5,267,0.76,162
2025-12-29T23:36:14.548Z,m,0.86,2.85,3,5,266,0.76,162
2025-12-29T23:36:14.548Z,m,0.86,2.85,3,5,266,0.76,162
2025-12-29T23:36:15.190Z,m,0.93,2.85,3,5,291,0.83,162
2025-12-29T23:36:15.191Z,m,0.93,2.85,3,5,291,0.83,162
2025-12-29T23:36:15.834Z,m,1,2.85,3,5,283,0.81,162
2025-12-29T23:36:15.835Z,m,1,2.85,3,5,283,0.81,162
2025-12-29T23:36:16.478Z,m,1.1,2.85,3,5,299,0.85,162
2025-12-29T23:36:16.479Z,m,1.1,2.85,3,5,299,0.85,162
2025-12-29T23:36:17.122Z,m,1.2,2.85,3,5,269,0.77,162
2025-12-29T23:36:17.122Z,m,1.2,2.85,3,5,269,0.77,162
2025-12-29T23:36:17.766Z,m,1.3,2.85,3,5,298,0.85,162
2025-12-29T23:36:17.766Z,m,1.3,2.85,3,5,298,0.85,162
2025-12-29T23:36:18.410Z,m,0.05,2.85,3,5,290,0.83,162
2025-12-29T23:36:18.410Z,m,0.05,2.85,3,5,290,0.83,162
2025-12-29T23:36:19.054Z,m,0.24,2.85,3,5,299,0.85,162
2025-12-29T23:36:19.055Z,m,0.24,2.85,3,5,299,0.85,162
2025-12-29T23:36:19.698Z,m,0.17,2.85,3,5,254,0.72,162
2025-12-29T23:36:19.699Z,m,0.17,2.85,3,5,254,0.72,162
2025-12-29T23:36:20.342Z,m,0.15,2.85,3,5,253,0.72,162
2025-12-29T23:36:20.342Z,m,0.15,2.85,3,5,253,0.72,162
2025-12-29T23:36:20.986Z,m,0.12,2.85,3,5,272,0.78,162
2025-12-29T23:36:20.987Z,m,0.12,2.85,3,5,272,0.78,162
2025-12-29T23:36:21.630Z,m,0.78,2.85,3,5,271,0.77,162
2025-12-29T23:36:21.631Z,m,0.78,2.85,3,5,271,0.77,162
2025-12-29T23:36:22.274Z,m,0.81,2.85,3,5,282,0.8,162
2025-12-29T23:36:22.274Z,m,0.81,2.85,3,5,282,0.8,162
2025-12-29T23:36:22.919Z,m,0.86,2.85,3,5,259,0.74,162
2025-12-29T23:36:22.918Z,m,0.86,2.85,3,5,259,0.74,162
2025-12-29T23:36:23.563Z,m,0.9,2.85,3,5,265,0.76,162
2025-12-29T23:36:23.564Z,m,0.9,2.85,3,5,265,0.76,162
2025-12-29T23:36:24.206Z,m,0.95,2.85,3,5,270,0.77,162
2025-12-29T23:36:24.207Z,m,0.95,2.85,3,5,270,0.77,162
2025-12-29T23:36:24.850Z,m,1.05,2.85,3,5,275,0.78,162
2025-12-29T23:36:24.851Z,m,1.05,2.85,3,5,275,0.78,162
2025-12-29T23:36:25.497Z,m,1.15,2.85,3,5,266,0.76,162
2025-12-29T23:36:25.498Z,m,1.15,2.85,3,5,266,0.76,162
2025-12-29T23:36:26.138Z,m,1.27,2.85,3,5,298,0.85,162
2025-12-29T23:36:26.139Z,m,1.27,2.85,3,5,298,0.85,162
2025-12-29T23:36:26.784Z,m,1.32,2.85,3,5,282,0.8,162
2025-12-29T23:36:26.785Z,m,1.32,2.85,3,5,282,0.8,162
2025-12-29T23:36:27.426Z,m,0,2.85,3,5,252,0.72,162
2025-12-29T23:36:27.427Z,m,0,2.85,3,5,252,0.72,162
2025-12-29T23:36:28.070Z,m,0.17,2.85,3,5,286,0.82,162
2025-12-29T23:36:28.071Z,m,0.17,2.85,3,5,286,0.82,162
2025-12-29T23:36:28.715Z,m,0.12,2.85,3,5,280,0.8,162
2025-12-29T23:36:28.717Z,m,0.12,2.85,3,5,280,0.8,162
2025-12-29T23:36:29.359Z,m,0.12,2.85,3,5,279,0.8,162
2025-12-29T23:36:29.359Z,m,0.12,2.85,3,5,279,0.8,162
2025-12-29T23:36:30.003Z,m,0.12,2.85,3,5,292,0.83,162
2025-12-29T23:36:30.003Z,m,0.12,2.85,3,5,292,0.83,162
2025-12-29T23:36:30.647Z,m,0.81,2.85,3,5,295,0.84,162
2025-12-29T23:36:30.648Z,m,0.81,2.85,3,5,295,0.84,162
2025-12-29T23:36:31.291Z,m,0.83,2.85,3,5,253,0.72,162
2025-12-29T23:36:31.291Z,m,0.83,2.85,3,5,253,0.72,162
2025-12-29T23:36:31.935Z,m,0.9,2.85,3,5,281,0.8,162
2025-12-29T23:36:31.935Z,m,0.9,2.85,3,5,281,0.8,162
2025-12-29T23:36:32.579Z,m,0.95,2.85,3,5,272,0.78,162
2025-12-29T23:36:32.579Z,m,0.95,2.85,3,5,272,0.78,162
2025-12-29T23:36:33.223Z,m,1.05,2.85,3,5,273,0.78,162
2025-12-29T23:36:33.223Z,m,1.05,2.85,3,5,273,0.78,162
2025-12-29T23:36:33.867Z,m,1.15,2.85,3,5,256,0.73,162
2025-12-29T23:36:33.868Z,m,1.15,2.85,3,5,256,0.73,162
2025-12-29T23:36:34.511Z,m,1.25,2.85,3,5,276,0.79,162
2025-12-29T23:36:34.511Z,m,1.25,2.85,3,5,276,0.79,162
2025-12-29T23:36:35.156Z,m,1.3,2.85,3,5,299,0.85,162
2025-12-29T23:36:35.156Z,m,1.3,2.85,3,5,299,0.85,162
2025-12-29T23:36:35.800Z,m,0.02,2.85,3,5,289,0.82,162
2025-12-29T23:36:35.799Z,m,0.02,2.85,3,5,289,0.82,162
2025-12-29T23:36:36.443Z,m,0.2,2.85,3,5,294,0.84,162
2025-12-29T23:36:36.443Z,m,0.2,2.85,3,5,294,0.84,162
2025-12-29T23:36:37.088Z,m,0.15,2.85,3,5,267,0.76,162
2025-12-29T23:36:37.089Z,m,0.15,2.85,3,5,267,0.76,162
2025-12-29T23:36:37.731Z,m,0.12,2.85,3,5,286,0.82,162
2025-12-29T23:36:37.732Z,m,0.12,2.85,3,5,286,0.82,162
2025-12-29T23:36:38.375Z,m,0.12,2.85,3,5,269,0.77,162
2025-12-29T23:36:38.375Z,m,0.12,2.85,3,5,269,0.77,162
2025-12-29T23:36:39.019Z,m,0.81,2.85,3,5,288,0.82,162
2025-12-29T23:36:39.020Z,m,0.81,2.85,3,5,288,0.82,162
2025-12-29T23:36:39.663Z,m,0.83,2.85,3,5,280,0.8,162
2025-12-29T23:36:39.664Z,m,0.83,2.85,3,5,280,0.8,162
2025-12-29T23:36:40.307Z,m,0.88,2.85,3,5,270,0.77,162
2025-12-29T23:36:40.308Z,m,0.88,2.85,3,5,270,0.77,162
2025-12-29T23:36:40.954Z,m,0.95,2.85,3,5,275,0.78,162
2025-12-29T23:36:40.952Z,m,0.95,2.85,3,5,275,0.78,162
2025-12-29T23:36:41.595Z,m,1.05,2.85,3,5,284,0.81,162
2025-12-29T23:36:41.596Z,m,1.05,2.85,3,5,284,0.81,162
2025-12-29T23:36:42.239Z,m,1.15,2.85,3,5,284,0.81,162
2025-12-29T23:36:42.240Z,m,1.15,2.85,3,5,284,0.81,162
2025-12-29T23:36:42.883Z,m,1.25,2.85,3,5,262,0.75,162
2025-12-29T23:36:42.884Z,m,1.25,2.85,3,5,262,0.75,162
2025-12-29T23:36:43.528Z,m,1.3,2.85,3,5,293,0.84,162
2025-12-29T23:36:43.529Z,m,1.3,2.85,3,5,293,0.84,162
2025-12-29T23:36:44.172Z,m,0.05,2.85,3,5,280,0.8,162
2025-12-29T23:36:44.172Z,m,0.05,2.85,3,5,280,0.8,162
2025-12-29T23:36:44.815Z,m,0.22,2.85,3,5,260,0.74,162
2025-12-29T23:36:44.816Z,m,0.22,2.85,3,5,260,0.74,162
2025-12-29T23:36:45.459Z,m,0.15,2.85,3,5,284,0.81,162
2025-12-29T23:36:45.460Z,m,0.15,2.85,3,5,284,0.81,162
2025-12-29T23:36:46.106Z,m,0.12,2.85,3,5,276,0.79,162
2025-12-29T23:36:46.108Z,m,0.12,2.85,3,5,276,0.79,162
2025-12-29T23:36:46.647Z,,,,,,,,
2025-12-29T23:36:46.648Z,,,,,,,,
2025-12-29T23:36:46.759Z,a,0.2,4.88,0,0,89,0.43,236
2025-12-29T23:36:46.760Z,a,0.2,4.88,0,0,89,0.43,236
2025-12-29T23:36:47.397Z,a,0.68,4.71,0,0,97,0.46,210
2025-12-29T23:36:47.398Z,a,0.68,4.71,0,0,97,0.46,210
2025-12-29T23:36:48.045Z,a,0.68,4.43,0,0,129,0.57,165
2025-12-29T23:36:48.045Z,a,0.68,4.43,0,0,129,0.57,165
2025-12-29T23:36:48.696Z,a,0.15,4.51,0,0,145,0.65,179
2025-12-29T23:36:48.697Z,a,0.15,4.51,0,0,145,0.65,179
2025-12-29T23:36:49.333Z,a,0.1,4.88,0,0,101,0.49,236
2025-12-29T23:36:49.334Z,a,0.1,4.88,0,0,101,0.49,236
2025-12-29T23:36:49.982Z,a,0.83,4.72,0,0,113,0.53,210
2025-12-29T23:36:49.978Z,a,0.83,4.72,0,0,113,0.53,210
2025-12-29T23:36:50.617Z,a,0.93,4.79,0,0,98,0.47,222
2025-12-29T23:36:50.617Z,a,0.93,4.79,0,0,98,0.47,222
2025-12-29T23:36:51.260Z,a,0.78,4.29,0,0,80,0.34,144
2025-12-29T23:36:51.260Z,a,0.78,4.29,0,0,80,0.34,144
2025-12-29T23:36:51.908Z,a,1,4.62,0,0,114,0.53,196
2025-12-29T23:36:51.909Z,a,1,4.62,0,0,114,0.53,196
2025-12-29T23:36:52.552Z,a,0.78,4.02,0,0,297,1.19,103
2025-12-29T23:36:52.553Z,a,0.78,4.02,0,0,297,1.19,103
2025-12-29T23:36:53.191Z,a,0.2,4.69,0,0,96,0.45,206
2025-12-29T23:36:53.192Z,a,0.2,4.69,0,0,96,0.45,206
2025-12-29T23:36:53.835Z,a,0.71,4.83,0,0,80,0.39,228
2025-12-29T23:36:53.835Z,a,0.71,4.83,0,0,80,0.39,228
2025-12-29T23:36:54.483Z,a,0.68,4.88,0,0,132,0.64,236
2025-12-29T23:36:54.484Z,a,0.68,4.88,0,0,132,0.64,236
2025-12-29T23:36:55.127Z,a,0.66,4.68,0,0,116,0.54,203
2025-12-29T23:36:55.128Z,a,0.66,4.68,0,0,116,0.54,203
2025-12-29T23:36:55.772Z,a,0,4.14,0,0,261,1.08,121
2025-12-29T23:36:55.772Z,a,0,4.14,0,0,261,1.08,121
2025-12-29T23:36:56.416Z,a,1.34,4.42,0,0,147,0.65,165
2025-12-29T23:36:56.416Z,a,1.34,4.42,0,0,147,0.65,165
2025-12-29T23:36:57.060Z,a,1.2,4.57,0,0,126,0.58,188
2025-12-29T23:36:57.060Z,a,1.2,4.57,0,0,126,0.58,188
2025-12-29T23:36:57.704Z,a,0.95,4.75,0,0,119,0.57,216
2025-12-29T23:36:57.704Z,a,0.95,4.75,0,0,119,0.57,216
2025-12-29T23:36:58.404Z,a,0.78,4.47,0,0,119,0.53,171
2025-12-29T23:36:58.407Z,a,0.78,4.47,0,0,119,0.53,171
2025-12-29T23:36:58.992Z,a,0.86,4.74,0,0,121,0.57,213
2025-12-29T23:36:58.993Z,a,0.86,4.74,0,0,121,0.57,213
2025-12-29T23:36:59.637Z,a,0.71,4.07,0,0,287,1.17,110
2025-12-29T23:36:59.637Z,a,0.71,4.07,0,0,287,1.17,110
2025-12-29T23:37:00.281Z,a,0.29,4.98,0,0,107,0.53,251
2025-12-29T23:37:00.281Z,a,0.29,4.98,0,0,107,0.53,251
2025-12-29T23:37:00.925Z,a,0.66,4.32,0,0,125,0.54,149
2025-12-29T23:37:00.926Z,a,0.66,4.32,0,0,125,0.54,149
2025-12-29T23:37:01.569Z,a,0.29,4.24,0,0,100,0.42,135
2025-12-29T23:37:01.570Z,a,0.29,4.24,0,0,100,0.42,135
2025-12-29T23:37:02.208Z,a,1.34,4.72,0,0,98,0.46,210
2025-12-29T23:37:02.209Z,a,1.34,4.72,0,0,98,0.46,210
2025-12-29T23:37:02.856Z,a,0.98,4.1,0,0,272,1.12,115
2025-12-29T23:37:02.857Z,a,0.98,4.1,0,0,272,1.12,115
2025-12-29T23:37:03.496Z,a,1.25,4.45,0,0,85,0.38,168
2025-12-29T23:37:03.496Z,a,1.25,4.45,0,0,85,0.38,168
2025-12-29T23:37:04.153Z,a,0.95,4.49,0,0,123,0.55,174
2025-12-29T23:37:04.154Z,a,0.95,4.49,0,0,123,0.55,174
2025-12-29T23:37:04.688Z,,,,,,,,
2025-12-29T23:37:04.688Z,,,,,,,,
2025-12-29T23:37:04.797Z,m,0.93,4.49,0,0,117,0.53,174
2025-12-29T23:37:04.798Z,m,0.93,4.49,0,0,117,0.53,174
2025-12-29T23:37:05.457Z,m,1.27,4.49,0,0,116,0.52,174
2025-12-29T23:37:05.457Z,m,1.27,4.49,0,0,116,0.52,174
2025-12-29T23:37:06.084Z,m,0,4.49,0,0,87,0.39,174
2025-12-29T23:37:06.084Z,m,0,4.49,0,0,87,0.39,174
2025-12-29T23:37:06.732Z,m,0.15,4.49,0,0,121,0.54,174
2025-12-29T23:37:06.733Z,m,0.15,4.49,0,0,121,0.54,174
2025-12-29T23:37:07.376Z,m,0,3.76,4,6,294,1.11,211
2025-12-29T23:37:07.378Z,m,0,3.76,4,6,294,1.11,211
2025-12-29T23:37:08.021Z,m,0.12,3.76,4,6,269,1.01,211
2025-12-29T23:37:08.021Z,m,0.12,3.76,4,6,269,1.01,211
2025-12-29T23:37:08.665Z,m,0.68,3.76,4,6,275,1.03,211
2025-12-29T23:37:08.665Z,m,0.68,3.76,4,6,275,1.03,211
2025-12-29T23:37:09.309Z,m,0.68,3.76,4,6,275,1.03,211
2025-12-29T23:37:09.309Z,m,0.68,3.76,4,6,275,1.03,211
2025-12-29T23:37:09.953Z,m,0.68,3.76,4,6,252,0.95,211
2025-12-29T23:37:09.954Z,m,0.68,3.76,4,6,252,0.95,211
2025-12-29T23:37:10.598Z,m,0.71,3.76,4,6,260,0.98,211
2025-12-29T23:37:10.601Z,m,0.71,3.76,4,6,260,0.98,211
2025-12-29T23:37:11.241Z,m,0.73,3.76,4,6,295,1.11,211
2025-12-29T23:37:11.241Z,m,0.73,3.76,4,6,295,1.11,211
2025-12-29T23:37:11.886Z,m,0.76,3.76,4,6,261,0.98,211
2025-12-29T23:37:11.887Z,m,0.76,3.76,4,6,261,0.98,211
2025-12-29T23:37:12.532Z,m,0.78,3.76,4,6,255,0.96,211
2025-12-29T23:37:12.535Z,m,0.78,3.76,4,6,255,0.96,211
2025-12-29T23:37:13.173Z,m,0.83,3.76,4,6,279,1.05,211
2025-12-29T23:37:13.173Z,m,0.83,3.76,4,6,279,1.05,211
2025-12-29T23:37:13.826Z,m,0.9,3.76,4,6,260,0.98,211
2025-12-29T23:37:13.827Z,m,0.9,3.76,4,6,260,0.98,211
2025-12-29T23:37:14.461Z,m,0.98,3.76,4,6,266,1,211
2025-12-29T23:37:14.461Z,m,0.98,3.76,4,6,266,1,211
2025-12-29T23:37:15.105Z,m,1.08,3.76,4,6,285,1.07,211
2025-12-29T23:37:15.105Z,m,1.08,3.76,4,6,285,1.07,211
2025-12-29T23:37:15.749Z,m,0,3.76,4,6,256,0.96,211
2025-12-29T23:37:15.749Z,m,0,3.76,4,6,256,0.96,211
2025-12-29T23:37:16.393Z,m,0.12,3.76,4,6,261,0.98,211
2025-12-29T23:37:16.393Z,m,0.12,3.76,4,6,261,0.98,211
2025-12-29T23:37:17.037Z,m,0.68,3.76,4,6,262,0.99,211
2025-12-29T23:37:17.037Z,m,0.68,3.76,4,6,262,0.99,211
2025-12-29T23:37:17.681Z,m,0.71,3.76,4,6,299,1.12,211
2025-12-29T23:37:17.681Z,m,0.71,3.76,4,6,299,1.12,211
2025-12-29T23:37:18.325Z,m,0.71,3.76,4,6,267,1,211
2025-12-29T23:37:18.325Z,m,0.71,3.76,4,6,267,1,211
2025-12-29T23:37:18.971Z,m,0.71,3.76,4,6,293,1.1,211
2025-12-29T23:37:18.972Z,m,0.71,3.76,4,6,293,1.1,211
2025-12-29T23:37:19.613Z,m,0.73,3.76,4,6,262,0.99,211
2025-12-29T23:37:19.613Z,m,0.73,3.76,4,6,262,0.99,211
2025-12-29T23:37:20.257Z,m,0.76,3.76,4,6,297,1.12,211
2025-12-29T23:37:20.257Z,m,0.76,3.76,4,6,297,1.12,211
2025-12-29T23:37:20.901Z,m,0.81,3.76,4,6,284,1.07,211
2025-12-29T23:37:20.902Z,m,0.81,3.76,4,6,284,1.07,211
2025-12-29T23:37:21.545Z,m,0.86,3.76,4,6,280,1.05,211
2025-12-29T23:37:21.545Z,m,0.86,3.76,4,6,280,1.05,211
2025-12-29T23:37:22.189Z,m,0.93,3.76,4,6,281,1.06,211
2025-12-29T23:37:22.190Z,m,0.93,3.76,4,6,281,1.06,211
2025-12-29T23:37:22.833Z,m,1,3.76,4,6,283,1.06,211
2025-12-29T23:37:22.834Z,m,1,3.76,4,6,283,1.06,211
2025-12-29T23:37:23.477Z,m,0,3.76,4,6,252,0.95,211
2025-12-29T23:37:23.477Z,m,0,3.76,4,6,252,0.95,211
2025-12-29T23:37:24.121Z,m,0.12,3.76,4,6,263,0.99,211
2025-12-29T23:37:24.122Z,m,0.12,3.76,4,6,263,0.99,211
2025-12-29T23:37:24.765Z,m,0.68,3.76,4,6,263,0.99,211
2025-12-29T23:37:24.766Z,m,0.68,3.76,4,6,263,0.99,211
2025-12-29T23:37:25.409Z,m,0.68,3.76,4,6,261,0.98,211
2025-12-29T23:37:25.410Z,m,0.68,3.76,4,6,261,0.98,211
2025-12-29T23:37:26.056Z,m,0.68,3.76,4,6,286,1.08,211
2025-12-29T23:37:26.057Z,m,0.68,3.76,4,6,286,1.08,211
2025-12-29T23:37:26.697Z,m,0.71,3.76,4,6,282,1.06,211
2025-12-29T23:37:26.698Z,m,0.71,3.76,4,6,282,1.06,211
2025-12-29T23:37:27.341Z,m,0.73,3.76,4,6,281,1.06,211
2025-12-29T23:37:27.342Z,m,0.73,3.76,4,6,281,1.06,211
2025-12-29T23:37:27.985Z,m,0.73,3.76,4,6,293,1.1,211
2025-12-29T23:37:27.986Z,m,0.73,3.76,4,6,293,1.1,211
2025-12-29T23:37:28.629Z,m,0.78,3.76,4,6,270,1.02,211
2025-12-29T23:37:28.630Z,m,0.78,3.76,4,6,270,1.02,211
2025-12-29T23:37:29.273Z,m,0.83,3.76,4,6,295,1.11,211
2025-12-29T23:37:29.274Z,m,0.83,3.76,4,6,295,1.11,211
2025-12-29T23:37:29.917Z,m,0.88,3.76,4,6,264,0.99,211
2025-12-29T23:37:29.918Z,m,0.88,3.76,4,6,264,0.99,211
2025-12-29T23:37:30.561Z,m,0.95,3.76,4,6,277,1.04,211
2025-12-29T23:37:30.562Z,m,0.95,3.76,4,6,277,1.04,211
2025-12-29T23:37:31.205Z,m,1.05,3.76,4,6,279,1.05,211
2025-12-29T23:37:31.206Z,m,1.05,3.76,4,6,279,1.05,211
2025-12-29T23:37:31.849Z,m,0,3.76,4,6,285,1.07,211
2025-12-29T23:37:31.850Z,m,0,3.76,4,6,285,1.07,211
2025-12-29T23:37:32.493Z,m,0.12,3.76,4,6,261,0.98,211
2025-12-29T23:37:32.494Z,m,0.12,3.76,4,6,261,0.98,211
2025-12-29T23:37:33.138Z,m,0.68,3.76,4,6,250,0.94,211
2025-12-29T23:37:33.138Z,m,0.68,3.76,4,6,250,0.94,211
2025-12-29T23:37:33.781Z,m,0.68,3.76,4,6,256,0.96,211
2025-12-29T23:37:33.782Z,m,0.68,3.76,4,6,256,0.96,211
2025-12-29T23:37:34.426Z,m,0.68,3.76,4,6,274,1.03,211
2025-12-29T23:37:34.426Z,m,0.68,3.76,4,6,274,1.03,211
2025-12-29T23:37:35.134Z,m,0.71,3.76,4,6,272,1.02,211
2025-12-29T23:37:35.135Z,m,0.71,3.76,4,6,272,1.02,211
2025-12-29T23:37:35.714Z,m,0.73,3.76,4,6,294,1.11,211
2025-12-29T23:37:35.714Z,m,0.73,3.76,4,6,294,1.11,211
2025-12-29T23:37:36.358Z,m,0.76,3.76,4,6,259,0.97,211
2025-12-29T23:37:36.358Z,m,0.76,3.76,4,6,259,0.97,211
2025-12-29T23:37:37.002Z,m,0.78,3.76,4,6,271,1.02,211
2025-12-29T23:37:37.002Z,m,0.78,3.76,4,6,271,1.02,211
2025-12-29T23:37:37.646Z,m,0.86,3.76,4,6,286,1.08,211
2025-12-29T23:37:37.646Z,m,0.86,3.76,4,6,286,1.08,211
2025-12-29T23:37:38.290Z,m,0.9,3.76,4,6,256,0.96,211
2025-12-29T23:37:38.290Z,m,0.9,3.76,4,6,256,0.96,211
2025-12-29T23:37:38.934Z,m,0.98,3.76,4,6,258,0.97,211
2025-12-29T23:37:38.935Z,m,0.98,3.76,4,6,258,0.97,211
2025-12-29T23:37:39.578Z,m,1.08,3.76,4,6,251,0.94,211
2025-12-29T23:37:39.579Z,m,1.08,3.76,4,6,251,0.94,211
2025-12-29T23:37:40.222Z,m,0,3.76,4,6,263,0.99,211
2025-12-29T23:37:40.223Z,m,0,3.76,4,6,263,0.99,211
2025-12-29T23:37:40.866Z,m,0.1,3.76,4,6,290,1.09,211
2025-12-29T23:37:40.866Z,m,0.1,3.76,4,6,290,1.09,211
2025-12-29T23:37:41.510Z,m,0.68,3.76,4,6,260,0.98,211
2025-12-29T23:37:41.511Z,m,0.68,3.76,4,6,260,0.98,211
2025-12-29T23:37:42.154Z,m,0.68,3.76,4,6,290,1.09,211
2025-12-29T23:37:42.154Z,m,0.68,3.76,4,6,290,1.09,211
2025-12-29T23:37:42.798Z,m,0.71,3.76,4,6,262,0.99,211
2025-12-29T23:37:42.798Z,m,0.71,3.76,4,6,262,0.99,211
2025-12-29T23:37:43.442Z,m,0.71,3.76,4,6,292,1.1,211
2025-12-29T23:37:43.442Z,m,0.71,3.76,4,6,292,1.1,211
2025-12-29T23:37:44.086Z,m,0.73,3.76,4,6,271,1.02,211
2025-12-29T23:37:44.087Z,m,0.73,3.76,4,6,271,1.02,211
2025-12-29T23:37:44.730Z,m,0.76,3.76,4,6,260,0.98,211
2025-12-29T23:37:44.730Z,m,0.76,3.76,4,6,260,0.98,211
2025-12-29T23:37:45.374Z,m,0.81,3.76,4,6,293,1.1,211
2025-12-29T23:37:45.375Z,m,0.81,3.76,4,6,293,1.1,211
2025-12-29T23:37:46.018Z,m,0.86,3.76,4,6,283,1.06,211
2025-12-29T23:37:46.019Z,m,0.86,3.76,4,6,283,1.06,211
2025-12-29T23:37:46.662Z,m,0.93,3.76,4,6,287,1.08,211
2025-12-29T23:37:46.662Z,m,0.93,3.76,4,6,287,1.08,211
2025-12-29T23:37:47.307Z,m,1,3.76,4,6,288,1.08,211
2025-12-29T23:37:47.307Z,m,1,3.76,4,6,288,1.08,211
2025-12-29T23:37:47.950Z,m,1.1,3.76,4,6,267,1,211
2025-12-29T23:37:47.951Z,m,1.1,3.76,4,6,267,1,211
2025-12-29T23:37:48.594Z,m,0.1,3.76,4,6,265,1,211
2025-12-29T23:37:48.594Z,m,0.1,3.76,4,6,265,1,211
2025-12-29T23:37:49.239Z,m,0.12,3.76,4,6,280,1.05,211
2025-12-29T23:37:49.239Z,m,0.12,3.76,4,6,280,1.05,211
2025-12-29T23:37:49.882Z,m,0.66,3.76,4,6,285,1.07,211
2025-12-29T23:37:49.883Z,m,0.66,3.76,4,6,285,1.07,211
2025-12-29T23:37:50.526Z,m,0.68,3.76,4,6,282,1.06,211
2025-12-29T23:37:50.526Z,m,0.68,3.76,4,6,282,1.06,211
2025-12-29T23:37:51.171Z,m,0.68,3.76,4,6,274,1.03,211
2025-12-29T23:37:51.171Z,m,0.68,3.76,4,6,274,1.03,211
2025-12-29T23:37:51.814Z,m,0.71,3.76,4,6,269,1.01,211
2025-12-29T23:37:51.815Z,m,0.71,3.76,4,6,269,1.01,211
2025-12-29T23:37:52.459Z,m,0.73,3.76,4,6,259,0.97,211
2025-12-29T23:37:52.459Z,m,0.73,3.76,4,6,259,0.97,211
2025-12-29T23:37:53.102Z,m,0.76,3.76,4,6,265,1,211
2025-12-29T23:37:53.103Z,m,0.76,3.76,4,6,265,1,211
2025-12-29T23:37:53.746Z,m,0.78,3.76,4,6,276,1.04,211
2025-12-29T23:37:53.747Z,m,0.78,3.76,4,6,276,1.04,211
2025-12-29T23:37:54.391Z,m,0.83,3.76,4,6,264,0.99,211
2025-12-29T23:37:54.391Z,m,0.83,3.76,4,6,264,0.99,211
2025-12-29T23:37:55.035Z,m,0.9,3.76,4,6,285,1.07,211
2025-12-29T23:37:55.035Z,m,0.9,3.76,4,6,285,1.07,211
2025-12-29T23:37:55.679Z,m,0.95,3.76,4,6,283,1.06,211
2025-12-29T23:37:55.680Z,m,0.95,3.76,4,6,283,1.06,211
2025-12-29T23:37:56.323Z,m,1.08,3.76,4,6,253,0.95,211
2025-12-29T23:37:56.323Z,m,1.08,3.76,4,6,253,0.95,211
2025-12-29T23:37:56.967Z,m,0,3.76,4,6,252,0.95,211
2025-12-29T23:37:56.967Z,m,0,3.76,4,6,252,0.95,211
2025-12-29T23:37:57.611Z,m,0.12,3.76,4,6,263,0.99,211
2025-12-29T23:37:57.611Z,m,0.12,3.76,4,6,263,0.99,211
2025-12-29T23:37:58.255Z,m,0.68,3.76,4,6,289,1.09,211
2025-12-29T23:37:58.255Z,m,0.68,3.76,4,6,289,1.09,211
2025-12-29T23:37:58.899Z,m,0.68,3.76,4,6,261,0.98,211
2025-12-29T23:37:58.899Z,m,0.68,3.76,4,6,261,0.98,211
2025-12-29T23:37:59.543Z,m,0.68,3.76,4,6,268,1.01,211
2025-12-29T23:37:59.543Z,m,0.68,3.76,4,6,268,1.01,211
2025-12-29T23:38:00.187Z,m,0.71,3.76,4,6,287,1.08,211
2025-12-29T23:38:00.187Z,m,0.71,3.76,4,6,287,1.08,211
2025-12-29T23:38:00.831Z,m,0.73,3.76,4,6,254,0.96,211
2025-12-29T23:38:00.831Z,m,0.73,3.76,4,6,254,0.96,211
2025-12-29T23:38:01.475Z,m,0.76,3.76,4,6,298,1.12,211
2025-12-29T23:38:01.475Z,m,0.76,3.76,4,6,298,1.12,211
2025-12-29T23:38:02.119Z,m,0.83,3.76,4,6,283,1.06,211
2025-12-29T23:38:02.119Z,m,0.83,3.76,4,6,283,1.06,211
2025-12-29T23:38:02.914Z,m,0.86,3.76,4,6,277,1.04,211
2025-12-29T23:38:02.915Z,m,0.86,3.76,4,6,277,1.04,211
2025-12-29T23:38:03.407Z,m,0.93,3.76,4,6,261,0.98,211
2025-12-29T23:38:03.408Z,m,0.93,3.76,4,6,261,0.98,211
2025-12-29T23:38:04.052Z,m,1,3.76,4,6,290,1.09,211
2025-12-29T23:38:04.051Z,m,1,3.76,4,6,290,1.09,211
2025-12-29T23:38:04.695Z,m,1.1,3.76,4,6,282,1.06,211
2025-12-29T23:38:04.695Z,m,1.1,3.76,4,6,282,1.06,211
2025-12-29T23:38:05.339Z,m,0.1,3.76,4,6,276,1.04,211
2025-12-29T23:38:05.339Z,m,0.1,3.76,4,6,276,1.04,211
2025-12-29T23:38:05.983Z,m,0.12,3.76,4,6,255,0.96,211
2025-12-29T23:38:05.984Z,m,0.12,3.76,4,6,255,0.96,211
2025-12-29T23:38:06.627Z,m,0.68,3.76,4,6,256,0.96,211
2025-12-29T23:38:06.627Z,m,0.68,3.76,4,6,256,0.96,211
2025-12-29T23:38:07.271Z,m,0.68,3.76,4,6,264,0.99,211
2025-12-29T23:38:07.271Z,m,0.68,3.76,4,6,264,0.99,211
2025-12-29T23:38:07.915Z,m,0.68,3.76,4,6,291,1.09,211
2025-12-29T23:38:07.915Z,m,0.68,3.76,4,6,291,1.09,211
2025-12-29T23:38:08.559Z,m,0.71,3.76,4,6,268,1.01,211
2025-12-29T23:38:08.560Z,m,0.71,3.76,4,6,268,1.01,211
2025-12-29T23:38:09.203Z,m,0.73,3.76,4,6,273,1.03,211
2025-12-29T23:38:09.203Z,m,0.73,3.76,4,6,273,1.03,211
2025-12-29T23:38:09.848Z,m,0.76,3.76,4,6,292,1.1,211
2025-12-29T23:38:09.847Z,m,0.76,3.76,4,6,292,1.1,211
2025-12-29T23:38:10.491Z,m,0.78,3.76,4,6,276,1.04,211
2025-12-29T23:38:10.492Z,m,0.78,3.76,4,6,276,1.04,211
2025-12-29T23:38:11.135Z,m,0.83,3.76,4,6,258,0.97,211
2025-12-29T23:38:11.135Z,m,0.83,3.76,4,6,258,0.97,211
2025-12-29T23:38:11.779Z,m,0.9,3.76,4,6,274,1.03,211
2025-12-29T23:38:11.780Z,m,0.9,3.76,4,6,274,1.03,211
2025-12-29T23:38:12.424Z,m,0.98,3.76,4,6,266,1,211
2025-12-29T23:38:12.424Z,m,0.98,3.76,4,6,266,1,211
2025-12-29T23:38:13.067Z,m,1.05,3.76,4,6,277,1.04,211
2025-12-29T23:38:13.067Z,m,1.05,3.76,4,6,277,1.04,211
2025-12-29T23:38:13.711Z,m,0,3.76,4,6,297,1.12,211
2025-12-29T23:38:13.712Z,m,0,3.76,4,6,297,1.12,211
2025-12-29T23:38:14.355Z,m,0.12,3.76,4,6,266,1,211
2025-12-29T23:38:14.355Z,m,0.12,3.76,4,6,266,1,211
2025-12-29T23:38:14.999Z,m,0.68,3.76,4,6,267,1,211
2025-12-29T23:38:15.000Z,m,0.68,3.76,4,6,267,1,211
2025-12-29T23:38:15.696Z,m,0.68,3.76,4,6,285,1.07,211
2025-12-29T23:38:15.698Z,m,0.68,3.76,4,6,285,1.07,211
2025-12-29T23:38:16.287Z,m,0.71,3.76,4,6,266,1,211
2025-12-29T23:38:16.288Z,m,0.71,3.76,4,6,266,1,211
2025-12-29T23:38:16.931Z,m,0.71,3.76,4,6,294,1.11,211
2025-12-29T23:38:16.931Z,m,0.71,3.76,4,6,294,1.11,211
2025-12-29T23:38:17.575Z,m,0.73,3.76,4,6,251,0.94,211
2025-12-29T23:38:17.576Z,m,0.73,3.76,4,6,251,0.94,211
2025-12-29T23:38:18.221Z,m,0.76,3.76,4,6,270,1.02,211
2025-12-29T23:38:18.219Z,m,0.76,3.76,4,6,270,1.02,211
2025-12-29T23:38:18.863Z,m,0.81,3.76,4,6,264,0.99,211
2025-12-29T23:38:18.864Z,m,0.81,3.76,4,6,264,0.99,211
2025-12-29T23:38:19.507Z,m,0.83,3.76,4,6,294,1.11,211
2025-12-29T23:38:19.507Z,m,0.83,3.76,4,6,294,1.11,211
2025-12-29T23:38:20.151Z,m,0.9,3.76,4,6,295,1.11,211
2025-12-29T23:38:20.151Z,m,0.9,3.76,4,6,295,1.11,211
2025-12-29T23:38:20.795Z,m,1,3.76,4,6,258,0.97,211
2025-12-29T23:38:20.796Z,m,1,3.76,4,6,258,0.97,211
2025-12-29T23:38:21.440Z,m,1.08,3.76,4,6,286,1.08,211
2025-12-29T23:38:21.439Z,m,1.08,3.76,4,6,286,1.08,211
2025-12-29T23:38:22.083Z,m,0,3.76,4,6,265,1,211
2025-12-29T23:38:22.083Z,m,0,3.76,4,6,265,1,211
2025-12-29T23:38:22.727Z,m,0.1,3.76,4,6,265,1,211
2025-12-29T23:38:22.728Z,m,0.1,3.76,4,6,265,1,211
2025-12-29T23:38:23.372Z,m,0.68,3.76,4,6,275,1.03,211
2025-12-29T23:38:23.372Z,m,0.68,3.76,4,6,275,1.03,211
2025-12-29T23:38:24.015Z,m,0.68,3.76,4,6,280,1.05,211
2025-12-29T23:38:24.016Z,m,0.68,3.76,4,6,280,1.05,211
2025-12-29T23:38:24.660Z,m,0.71,3.76,4,6,296,1.11,211
2025-12-29T23:38:24.660Z,m,0.71,3.76,4,6,296,1.11,211
2025-12-29T23:38:25.304Z,m,0.71,3.76,4,6,289,1.09,211
2025-12-29T23:38:25.304Z,m,0.71,3.76,4,6,289,1.09,211
2025-12-29T23:38:25.948Z,m,0.61,3.76,4,6,267,1,211
2025-12-29T23:38:25.948Z,m,0.61,3.76,4,6,267,1,211
2025-12-29T23:38:26.592Z,m,0.76,3.76,4,6,264,0.99,211
2025-12-29T23:38:26.592Z,m,0.76,3.76,4,6,264,0.99,211
2025-12-29T23:38:27.236Z,m,0.78,3.76,4,6,264,0.99,211
2025-12-29T23:38:27.236Z,m,0.78,3.76,4,6,264,0.99,211
2025-12-29T23:38:27.880Z,m,0.86,3.76,4,6,277,1.04,211
2025-12-29T23:38:27.880Z,m,0.86,3.76,4,6,277,1.04,211
2025-12-29T23:38:28.523Z,m,0.93,3.76,4,6,266,1,211
2025-12-29T23:38:28.524Z,m,0.93,3.76,4,6,266,1,211
2025-12-29T23:38:29.168Z,m,1,3.76,4,6,296,1.11,211
2025-12-29T23:38:29.168Z,m,1,3.76,4,6,296,1.11,211
2025-12-29T23:38:29.812Z,m,1.1,3.76,4,6,268,1.01,211
2025-12-29T23:38:29.812Z,m,1.1,3.76,4,6,268,1.01,211
2025-12-29T23:38:30.456Z,m,0.1,3.76,4,6,270,1.02,211
2025-12-29T23:38:30.456Z,m,0.1,3.76,4,6,270,1.02,211
2025-12-29T23:38:31.100Z,m,0.12,3.76,4,6,267,1,211
2025-12-29T23:38:31.100Z,m,0.12,3.76,4,6,267,1,211
2025-12-29T23:38:31.744Z,m,0.68,3.76,4,6,264,0.99,211
2025-12-29T23:38:31.744Z,m,0.68,3.76,4,6,264,0.99,211
2025-12-29T23:38:32.388Z,m,0.68,3.76,4,6,267,1,211
2025-12-29T23:38:32.388Z,m,0.68,3.76,4,6,267,1,211
2025-12-29T23:38:33.033Z,m,0.71,3.76,4,6,277,1.04,211
2025-12-29T23:38:33.032Z,m,0.71,3.76,4,6,277,1.04,211
2025-12-29T23:38:33.676Z,m,0.71,3.76,4,6,256,0.96,211
2025-12-29T23:38:33.676Z,m,0.71,3.76,4,6,256,0.96,211
2025-12-29T23:38:34.321Z,m,0.76,3.76,4,6,264,0.99,211
2025-12-29T23:38:34.321Z,m,0.76,3.76,4,6,264,0.99,211
2025-12-29T23:38:34.964Z,m,0.76,3.76,4,6,287,1.08,211
2025-12-29T23:38:34.964Z,m,0.76,3.76,4,6,287,1.08,211
2025-12-29T23:38:35.608Z,m,0.81,3.76,4,6,284,1.07,211
2025-12-29T23:38:35.608Z,m,0.81,3.76,4,6,284,1.07,211
2025-12-29T23:38:36.252Z,m,0.83,3.76,4,6,289,1.09,211
2025-12-29T23:38:36.251Z,m,0.83,3.76,4,6,289,1.09,211
2025-12-29T23:38:36.896Z,m,0.9,3.76,4,6,265,1,211
2025-12-29T23:38:36.896Z,m,0.9,3.76,4,6,265,1,211
2025-12-29T23:38:37.540Z,m,0.98,3.76,4,6,252,0.95,211
2025-12-29T23:38:37.540Z,m,0.98,3.76,4,6,252,0.95,211
2025-12-29T23:38:38.184Z,m,1.08,3.76,4,6,296,1.11,211
2025-12-29T23:38:38.184Z,m,1.08,3.76,4,6,296,1.11,211
2025-12-29T23:38:38.827Z,m,0,3.76,4,6,281,1.06,211
2025-12-29T23:38:38.828Z,m,0,3.76,4,6,281,1.06,211
2025-12-29T23:38:39.472Z,m,0.12,3.76,4,6,253,0.95,211
2025-12-29T23:38:39.472Z,m,0.12,3.76,4,6,253,0.95,211
2025-12-29T23:38:40.116Z,m,0.68,3.76,4,6,253,0.95,211
2025-12-29T23:38:40.116Z,m,0.68,3.76,4,6,253,0.95,211
2025-12-29T23:38:40.760Z,m,0.68,3.76,4,6,257,0.97,211
2025-12-29T23:38:40.760Z,m,0.68,3.76,4,6,257,0.97,211
2025-12-29T23:38:41.404Z,m,0.71,3.76,4,6,273,1.03,211
2025-12-29T23:38:41.405Z,m,0.71,3.76,4,6,273,1.03,211
2025-12-29T23:38:42.048Z,m,0.71,3.76,4,6,283,1.06,211
2025-12-29T23:38:42.048Z,m,0.71,3.76,4,6,283,1.06,211
2025-12-29T23:38:42.692Z,m,0.73,3.76,4,6,295,1.11,211
2025-12-29T23:38:42.692Z,m,0.73,3.76,4,6,295,1.11,211
2025-12-29T23:38:43.336Z,m,0.76,3.76,4,6,295,1.11,211
2025-12-29T23:38:43.336Z,m,0.76,3.76,4,6,295,1.11,211
2025-12-29T23:38:43.980Z,m,0.81,3.76,4,6,285,1.07,211
2025-12-29T23:38:43.981Z,m,0.81,3.76,4,6,285,1.07,211
2025-12-29T23:38:44.624Z,m,0.86,3.76,4,6,256,0.96,211
2025-12-29T23:38:44.624Z,m,0.86,3.76,4,6,256,0.96,211
2025-12-29T23:38:45.268Z,m,0.93,3.76,4,6,286,1.08,211
2025-12-29T23:38:45.268Z,m,0.93,3.76,4,6,286,1.08,211
2025-12-29T23:38:45.912Z,m,1,3.76,4,6,250,0.94,211
2025-12-29T23:38:45.913Z,m,1,3.76,4,6,250,0.94,211
2025-12-29T23:38:46.556Z,m,1.1,3.76,4,6,254,0.96,211
2025-12-29T23:38:46.556Z,m,1.1,3.76,4,6,254,0.96,211
2025-12-29T23:38:47.201Z,m,0.1,3.76,4,6,271,1.02,211
2025-12-29T23:38:47.200Z,m,0.1,3.76,4,6,271,1.02,211
2025-12-29T23:38:47.844Z,m,0.12,3.76,4,6,273,1.03,211
2025-12-29T23:38:47.845Z,m,0.12,3.76,4,6,273,1.03,211
2025-12-29T23:38:48.488Z,m,0.68,3.76,4,6,288,1.08,211
2025-12-29T23:38:48.489Z,m,0.68,3.76,4,6,288,1.08,211
2025-12-29T23:38:49.132Z,m,0.68,3.76,4,6,294,1.11,211
2025-12-29T23:38:49.133Z,m,0.68,3.76,4,6,294,1.11,211
2025-12-29T23:38:49.776Z,m,0.68,3.76,4,6,290,1.09,211
2025-12-29T23:38:49.776Z,m,0.68,3.76,4,6,290,1.09,211
2025-12-29T23:38:50.421Z,m,0.71,3.76,4,6,279,1.05,211
2025-12-29T23:38:50.420Z,m,0.71,3.76,4,6,279,1.05,211
2025-12-29T23:38:51.065Z,m,0.73,3.76,4,6,257,0.97,211
2025-12-29T23:38:51.065Z,m,0.73,3.76,4,6,257,0.97,211
2025-12-29T23:38:51.708Z,m,0.76,3.76,4,6,285,1.07,211
2025-12-29T23:38:51.709Z,m,0.76,3.76,4,6,285,1.07,211
2025-12-29T23:38:52.352Z,m,0.78,3.76,4,6,266,1,211
2025-12-29T23:38:52.353Z,m,0.78,3.76,4,6,266,1,211
2025-12-29T23:38:52.996Z,m,0.83,3.76,4,6,267,1,211
2025-12-29T23:38:52.997Z,m,0.83,3.76,4,6,267,1,211
2025-12-29T23:38:53.641Z,m,0.9,3.76,4,6,273,1.03,211
2025-12-29T23:38:53.641Z,m,0.9,3.76,4,6,273,1.03,211
2025-12-29T23:38:54.284Z,m,0.98,3.76,4,6,285,1.07,211
2025-12-29T23:38:54.285Z,m,0.98,3.76,4,6,285,1.07,211
2025-12-29T23:38:54.929Z,m,1.05,3.76,4,6,260,0.98,211
2025-12-29T23:38:54.929Z,m,1.05,3.76,4,6,260,0.98,211
2025-12-29T23:38:55.573Z,m,0,3.76,4,6,297,1.12,211
2025-12-29T23:38:55.573Z,m,0,3.76,4,6,297,1.12,211
2025-12-29T23:38:56.216Z,m,0.1,3.76,4,6,285,1.07,211
2025-12-29T23:38:56.217Z,m,0.1,3.76,4,6,285,1.07,211
2025-12-29T23:38:56.861Z,m,0.68,3.76,4,6,262,0.99,211
2025-12-29T23:38:56.861Z,m,0.68,3.76,4,6,262,0.99,211
2025-12-29T23:38:57.505Z,m,0.68,3.76,4,6,291,1.09,211
2025-12-29T23:38:57.505Z,m,0.68,3.76,4,6,291,1.09,211
2025-12-29T23:38:58.149Z,m,0.68,3.76,4,6,299,1.12,211
2025-12-29T23:38:58.149Z,m,0.68,3.76,4,6,299,1.12,211
2025-12-29T23:38:58.792Z,m,0.71,3.76,4,6,289,1.09,211
2025-12-29T23:38:58.793Z,m,0.71,3.76,4,6,289,1.09,211
2025-12-29T23:38:59.437Z,m,0.71,3.76,4,6,251,0.94,211
2025-12-29T23:38:59.437Z,m,0.71,3.76,4,6,251,0.94,211
2025-12-29T23:39:00.080Z,m,0.76,3.76,4,6,284,1.07,211
2025-12-29T23:39:00.081Z,m,0.76,3.76,4,6,284,1.07,211
2025-12-29T23:39:00.725Z,m,0.78,3.76,4,6,284,1.07,211
2025-12-29T23:39:00.725Z,m,0.78,3.76,4,6,284,1.07,211
2025-12-29T23:39:01.369Z,m,0.83,3.76,4,6,264,0.99,211
2025-12-29T23:39:01.369Z,m,0.83,3.76,4,6,264,0.99,211
2025-12-29T23:39:02.013Z,m,0.88,3.76,4,6,277,1.04,211
2025-12-29T23:39:02.013Z,m,0.88,3.76,4,6,277,1.04,211
2025-12-29T23:39:02.657Z,m,0.95,3.76,4,6,299,1.12,211
2025-12-29T23:39:02.657Z,m,0.95,3.76,4,6,299,1.12,211
2025-12-29T23:39:03.301Z,m,1.08,3.76,4,6,262,0.99,211
2025-12-29T23:39:03.301Z,m,1.08,3.76,4,6,262,0.99,211
2025-12-29T23:39:03.945Z,m,0,3.76,4,6,255,0.96,211
2025-12-29T23:39:03.945Z,m,0,3.76,4,6,255,0.96,211
2025-12-29T23:39:04.589Z,m,0.12,3.76,4,6,253,0.95,211
2025-12-29T23:39:04.589Z,m,0.12,3.76,4,6,253,0.95,211
2025-12-29T23:39:05.233Z,m,0.68,3.76,4,6,255,0.96,211
2025-12-29T23:39:05.234Z,m,0.68,3.76,4,6,255,0.96,211
2025-12-29T23:39:05.877Z,m,0.68,3.76,4,6,271,1.02,211
2025-12-29T23:39:05.877Z,m,0.68,3.76,4,6,271,1.02,211
2025-12-29T23:39:06.521Z,m,0.71,3.76,4,6,268,1.01,211
2025-12-29T23:39:06.521Z,m,0.71,3.76,4,6,268,1.01,211
2025-12-29T23:39:07.165Z,m,0.71,3.76,4,6,253,0.95,211
2025-12-29T23:39:07.165Z,m,0.71,3.76,4,6,253,0.95,211
2025-12-29T23:39:07.809Z,m,0.73,3.76,4,6,279,1.05,211
2025-12-29T23:39:07.809Z,m,0.73,3.76,4,6,279,1.05,211
2025-12-29T23:39:08.453Z,m,0.76,3.76,4,6,252,0.95,211
2025-12-29T23:39:08.453Z,m,0.76,3.76,4,6,252,0.95,211
2025-12-29T23:39:09.097Z,m,0.81,3.76,4,6,265,1,211
2025-12-29T23:39:09.097Z,m,0.81,3.76,4,6,265,1,211
2025-12-29T23:39:09.741Z,m,0.86,3.76,4,6,256,0.96,211
2025-12-29T23:39:09.743Z,m,0.86,3.76,4,6,256,0.96,211
2025-12-29T23:39:10.385Z,m,0.9,3.76,4,6,256,0.96,211
2025-12-29T23:39:10.385Z,m,0.9,3.76,4,6,256,0.96,211
2025-12-29T23:39:11.029Z,m,1,3.76,4,6,279,1.05,211
2025-12-29T23:39:11.029Z,m,1,3.76,4,6,279,1.05,211
2025-12-29T23:39:11.673Z,m,1.08,3.76,4,6,290,1.09,211
2025-12-29T23:39:11.673Z,m,1.08,3.76,4,6,290,1.09,211
2025-12-29T23:39:12.317Z,m,0,3.76,4,6,260,0.98,211
2025-12-29T23:39:12.317Z,m,0,3.76,4,6,260,0.98,211
2025-12-29T23:39:12.961Z,m,0.1,3.76,4,6,285,1.07,211
2025-12-29T23:39:12.961Z,m,0.1,3.76,4,6,285,1.07,211
2025-12-29T23:39:13.605Z,m,0.68,3.76,4,6,287,1.08,211
2025-12-29T23:39:13.605Z,m,0.68,3.76,4,6,287,1.08,211
2025-12-29T23:39:14.249Z,m,0.68,3.76,4,6,250,0.94,211
2025-12-29T23:39:14.250Z,m,0.68,3.76,4,6,250,0.94,211
2025-12-29T23:39:14.893Z,m,0.68,3.76,4,6,273,1.03,211
2025-12-29T23:39:14.893Z,m,0.68,3.76,4,6,273,1.03,211
2025-12-29T23:39:15.537Z,m,0.71,3.76,4,6,279,1.05,211
2025-12-29T23:39:15.538Z,m,0.71,3.76,4,6,279,1.05,211
2025-12-29T23:39:16.181Z,m,0.73,3.76,4,6,256,0.96,211
2025-12-29T23:39:16.181Z,m,0.73,3.76,4,6,256,0.96,211
2025-12-29T23:39:16.825Z,m,0.76,3.76,4,6,278,1.05,211
2025-12-29T23:39:16.825Z,m,0.76,3.76,4,6,278,1.05,211
2025-12-29T23:39:17.469Z,m,0.81,3.76,4,6,289,1.09,211
2025-12-29T23:39:17.469Z,m,0.81,3.76,4,6,289,1.09,211
2025-12-29T23:39:18.114Z,m,0.86,3.76,4,6,251,0.94,211
2025-12-29T23:39:18.113Z,m,0.86,3.76,4,6,251,0.94,211
2025-12-29T23:39:18.757Z,m,0.9,3.76,4,6,293,1.1,211
2025-12-29T23:39:18.757Z,m,0.9,3.76,4,6,293,1.1,211
2025-12-29T23:39:19.402Z,m,1,3.76,4,6,298,1.12,211
2025-12-29T23:39:19.402Z,m,1,3.76,4,6,298,1.12,211
2025-12-29T23:39:20.045Z,m,1.1,3.76,4,6,276,1.04,211
2025-12-29T23:39:20.045Z,m,1.1,3.76,4,6,276,1.04,211
2025-12-29T23:39:20.689Z,m,0.1,3.76,4,6,298,1.12,211
2025-12-29T23:39:20.689Z,m,0.1,3.76,4,6,298,1.12,211
2025-12-29T23:39:21.333Z,m,0.1,3.76,4,6,289,1.09,211
2025-12-29T23:39:21.334Z,m,0.1,3.76,4,6,289,1.09,211
2025-12-29T23:39:21.977Z,m,0.66,3.76,4,6,275,1.03,211
2025-12-29T23:39:21.978Z,m,0.66,3.76,4,6,275,1.03,211
2025-12-29T23:39:22.621Z,m,0.66,3.76,4,6,266,1,211
2025-12-29T23:39:22.622Z,m,0.66,3.76,4,6,266,1,211
2025-12-29T23:39:23.266Z,m,0.71,3.76,4,6,278,1.05,211
2025-12-29T23:39:23.265Z,m,0.71,3.76,4,6,278,1.05,211
2025-12-29T23:39:23.910Z,m,0.71,3.76,4,6,295,1.11,211
2025-12-29T23:39:23.910Z,m,0.71,3.76,4,6,295,1.11,211
2025-12-29T23:39:24.554Z,m,0.73,3.76,4,6,252,0.95,211
2025-12-29T23:39:24.554Z,m,0.73,3.76,4,6,252,0.95,211
2025-12-29T23:39:25.197Z,m,0.76,3.76,4,6,296,1.11,211
2025-12-29T23:39:25.198Z,m,0.76,3.76,4,6,296,1.11,211
2025-12-29T23:39:25.842Z,m,0.78,3.76,4,6,267,1,211
2025-12-29T23:39:25.842Z,m,0.78,3.76,4,6,267,1,211
2025-12-29T23:39:26.485Z,m,0.86,3.76,4,6,252,0.95,211
2025-12-29T23:39:26.486Z,m,0.86,3.76,4,6,252,0.95,211
2025-12-29T23:39:27.129Z,m,0.9,3.76,4,6,284,1.07,211
2025-12-29T23:39:27.130Z,m,0.9,3.76,4,6,284,1.07,211
2025-12-29T23:39:27.774Z,m,1,3.76,4,6,273,1.03,211
2025-12-29T23:39:27.774Z,m,1,3.76,4,6,273,1.03,211
2025-12-29T23:39:28.418Z,m,1.1,3.76,4,6,253,0.95,211
2025-12-29T23:39:28.418Z,m,1.1,3.76,4,6,253,0.95,211
2025-12-29T23:39:29.062Z,m,0.1,3.76,4,6,281,1.06,211
2025-12-29T23:39:29.062Z,m,0.1,3.76,4,6,281,1.06,211
2025-12-29T23:39:29.706Z,m,0.12,3.76,4,6,296,1.11,211
2025-12-29T23:39:29.706Z,m,0.12,3.76,4,6,296,1.11,211
2025-12-29T23:39:30.350Z,m,0.68,3.76,4,6,258,0.97,211
2025-12-29T23:39:30.350Z,m,0.68,3.76,4,6,258,0.97,211
2025-12-29T23:39:30.993Z,m,0.68,3.76,4,6,297,1.12,211
2025-12-29T23:39:30.994Z,m,0.68,3.76,4,6,297,1.12,211
2025-12-29T23:39:31.637Z,m,0.71,3.76,4,6,288,1.08,211
2025-12-29T23:39:31.638Z,m,0.71,3.76,4,6,288,1.08,211
2025-12-29T23:39:32.281Z,m,0.71,3.76,4,6,278,1.05,211
2025-12-29T23:39:32.282Z,m,0.71,3.76,4,6,278,1.05,211
2025-12-29T23:39:32.926Z,m,0.73,3.76,4,6,284,1.07,211
2025-12-29T23:39:32.926Z,m,0.73,3.76,4,6,284,1.07,211
2025-12-29T23:39:33.570Z,m,0.76,3.76,4,6,257,0.97,211
2025-12-29T23:39:33.570Z,m,0.76,3.76,4,6,257,0.97,211
2025-12-29T23:39:34.214Z,m,0.81,3.76,4,6,298,1.12,211
2025-12-29T23:39:34.214Z,m,0.81,3.76,4,6,298,1.12,211
2025-12-29T23:39:34.858Z,m,0.86,3.76,4,6,286,1.08,211
2025-12-29T23:39:34.858Z,m,0.86,3.76,4,6,286,1.08,211
2025-12-29T23:39:35.502Z,m,0.9,3.76,4,6,266,1,211
2025-12-29T23:39:35.502Z,m,0.9,3.76,4,6,266,1,211
2025-12-29T23:39:36.146Z,m,1,3.76,4,6,278,1.05,211
2025-12-29T23:39:36.146Z,m,1,3.76,4,6,278,1.05,211
2025-12-29T23:39:36.791Z,m,1.1,3.76,4,6,273,1.03,211
2025-12-29T23:39:36.790Z,m,1.1,3.76,4,6,273,1.03,211
2025-12-29T23:39:37.433Z,m,0,3.76,4,6,293,1.1,211
2025-12-29T23:39:37.433Z,m,0,3.76,4,6,293,1.1,211
2025-12-29T23:39:38.127Z,m,0.1,3.76,4,6,280,1.05,211
2025-12-29T23:39:38.127Z,m,0.1,3.76,4,6,280,1.05,211
2025-12-29T23:39:38.722Z,m,0.66,3.76,4,6,284,1.07,211
2025-12-29T23:39:38.722Z,m,0.66,3.76,4,6,284,1.07,211
2025-12-29T23:39:39.365Z,m,0.68,3.76,4,6,282,1.06,211
2025-12-29T23:39:39.365Z,m,0.68,3.76,4,6,282,1.06,211
2025-12-29T23:39:40.010Z,m,0.68,3.76,4,6,285,1.07,211
2025-12-29T23:39:40.011Z,m,0.68,3.76,4,6,285,1.07,211
2025-12-29T23:39:40.654Z,m,0.71,3.76,4,6,284,1.07,211
2025-12-29T23:39:40.653Z,m,0.71,3.76,4,6,284,1.07,211
2025-12-29T23:39:41.298Z,m,0.73,3.76,4,6,252,0.95,211
2025-12-29T23:39:41.297Z,m,0.73,3.76,4,6,252,0.95,211
2025-12-29T23:39:41.941Z,m,0.76,3.76,4,6,295,1.11,211
2025-12-29T23:39:41.941Z,m,0.76,3.76,4,6,295,1.11,211
2025-12-29T23:39:42.585Z,m,0.81,3.76,4,6,268,1.01,211
2025-12-29T23:39:42.586Z,m,0.81,3.76,4,6,268,1.01,211
2025-12-29T23:39:43.229Z,m,0.86,3.76,4,6,266,1,211
2025-12-29T23:39:43.229Z,m,0.86,3.76,4,6,266,1,211
2025-12-29T23:39:43.873Z,m,0.93,3.76,4,6,273,1.03,211
2025-12-29T23:39:43.874Z,m,0.93,3.76,4,6,273,1.03,211
2025-12-29T23:39:44.517Z,m,1.03,3.76,4,6,254,0.96,211
2025-12-29T23:39:44.518Z,m,1.03,3.76,4,6,254,0.96,211
2025-12-29T23:39:45.164Z,m,0,3.76,4,6,295,1.11,211
2025-12-29T23:39:45.165Z,m,0,3.76,4,6,295,1.11,211
2025-12-29T23:39:45.805Z,m,0.12,3.76,4,6,273,1.03,211
2025-12-29T23:39:45.805Z,m,0.12,3.76,4,6,273,1.03,211
2025-12-29T23:39:46.450Z,m,0.68,3.76,4,6,272,1.02,211
2025-12-29T23:39:46.450Z,m,0.68,3.76,4,6,272,1.02,211
2025-12-29T23:39:47.094Z,m,0.68,3.76,4,6,265,1,211
2025-12-29T23:39:47.094Z,m,0.68,3.76,4,6,265,1,211
2025-12-29T23:39:47.738Z,m,0.68,3.76,4,6,274,1.03,211
2025-12-29T23:39:47.738Z,m,0.68,3.76,4,6,274,1.03,211
2025-12-29T23:39:48.382Z,m,0.71,3.76,4,6,279,1.05,211
2025-12-29T23:39:48.382Z,m,0.71,3.76,4,6,279,1.05,211
2025-12-29T23:39:49.026Z,m,0.73,3.76,4,6,298,1.12,211
2025-12-29T23:39:49.026Z,m,0.73,3.76,4,6,298,1.12,211
2025-12-29T23:39:49.670Z,m,0.76,3.76,4,6,296,1.11,211
2025-12-29T23:39:49.670Z,m,0.76,3.76,4,6,296,1.11,211
2025-12-29T23:39:50.314Z,m,0.78,3.76,4,6,269,1.01,211
2025-12-29T23:39:50.314Z,m,0.78,3.76,4,6,269,1.01,211
2025-12-29T23:39:50.958Z,m,0.83,3.76,4,6,297,1.12,211
2025-12-29T23:39:50.958Z,m,0.83,3.76,4,6,297,1.12,211
2025-12-29T23:39:51.602Z,m,0.88,3.76,4,6,282,1.06,211
2025-12-29T23:39:51.602Z,m,0.88,3.76,4,6,282,1.06,211
2025-12-29T23:39:52.246Z,m,0.95,3.76,4,6,274,1.03,211
2025-12-29T23:39:52.246Z,m,0.95,3.76,4,6,274,1.03,211
2025-12-29T23:39:52.890Z,m,1.05,3.76,4,6,263,0.99,211
2025-12-29T23:39:52.890Z,m,1.05,3.76,4,6,263,0.99,211
2025-12-29T23:39:53.534Z,m,0,3.76,4,6,274,1.03,211
2025-12-29T23:39:53.534Z,m,0,3.76,4,6,274,1.03,211
2025-12-29T23:39:54.178Z,m,0.12,3.76,4,6,293,1.1,211
2025-12-29T23:39:54.178Z,m,0.12,3.76,4,6,293,1.1,211
2025-12-29T23:39:54.822Z,m,0.66,3.76,4,6,264,0.99,211
2025-12-29T23:39:54.822Z,m,0.66,3.76,4,6,264,0.99,211
2025-12-29T23:39:55.466Z,m,0.68,3.76,4,6,252,0.95,211
2025-12-29T23:39:55.466Z,m,0.68,3.76,4,6,252,0.95,211
2025-12-29T23:39:56.109Z,m,0.68,3.76,4,6,266,1,211
2025-12-29T23:39:56.110Z,m,0.68,3.76,4,6,266,1,211
2025-12-29T23:39:56.754Z,m,0.71,3.76,4,6,254,0.96,211
2025-12-29T23:39:56.754Z,m,0.71,3.76,4,6,254,0.96,211
2025-12-29T23:39:57.398Z,m,0.73,3.76,4,6,275,1.03,211
2025-12-29T23:39:57.398Z,m,0.73,3.76,4,6,275,1.03,211
2025-12-29T23:39:58.042Z,m,0.76,3.76,4,6,254,0.96,211
2025-12-29T23:39:58.042Z,m,0.76,3.76,4,6,254,0.96,211
2025-12-29T23:39:58.686Z,m,0.78,3.76,4,6,298,1.12,211
2025-12-29T23:39:58.687Z,m,0.78,3.76,4,6,298,1.12,211
2025-12-29T23:39:59.330Z,m,0.83,3.76,4,6,299,1.12,211
2025-12-29T23:39:59.331Z,m,0.83,3.76,4,6,299,1.12,211
2025-12-29T23:39:59.974Z,m,0.9,3.76,4,6,266,1,211
2025-12-29T23:39:59.975Z,m,0.9,3.76,4,6,266,1,211
2025-12-29T23:40:00.618Z,m,0.98,3.76,4,6,294,1.11,211
2025-12-29T23:40:00.618Z,m,0.98,3.76,4,6,294,1.11,211
2025-12-29T23:40:01.262Z,m,1.08,3.76,4,6,265,1,211
2025-12-29T23:40:01.262Z,m,1.08,3.76,4,6,265,1,211
2025-12-29T23:40:01.906Z,m,0,3.76,4,6,275,1.03,211
2025-12-29T23:40:01.906Z,m,0,3.76,4,6,275,1.03,211
2025-12-29T23:40:02.550Z,m,0.12,3.76,4,6,263,0.99,211
2025-12-29T23:40:02.550Z,m,0.12,3.76,4,6,263,0.99,211
2025-12-29T23:40:03.194Z,m,0.68,3.76,4,6,254,0.96,211
2025-12-29T23:40:03.195Z,m,0.68,3.76,4,6,254,0.96,211
2025-12-29T23:40:03.838Z,m,0.66,3.76,4,6,283,1.06,211
2025-12-29T23:40:03.838Z,m,0.66,3.76,4,6,283,1.06,211
2025-12-29T23:40:04.564Z,m,0.71,3.76,4,6,280,1.05,211
2025-12-29T23:40:04.565Z,m,0.71,3.76,4,6,280,1.05,211
2025-12-29T23:40:05.126Z,m,0.71,3.76,4,6,256,0.96,211
2025-12-29T23:40:05.126Z,m,0.71,3.76,4,6,256,0.96,211
2025-12-29T23:40:05.770Z,m,0.73,3.76,4,6,251,0.94,211
2025-12-29T23:40:05.771Z,m,0.73,3.76,4,6,251,0.94,211
2025-12-29T23:40:06.414Z,m,0.76,3.76,4,6,256,0.96,211
2025-12-29T23:40:06.415Z,m,0.76,3.76,4,6,256,0.96,211
2025-12-29T23:40:07.058Z,m,0.78,3.76,4,6,293,1.1,211
2025-12-29T23:40:07.058Z,m,0.78,3.76,4,6,293,1.1,211
2025-12-29T23:40:07.702Z,m,0.83,3.76,4,6,256,0.96,211
2025-12-29T23:40:07.702Z,m,0.83,3.76,4,6,256,0.96,211
2025-12-29T23:40:08.346Z,m,0.9,3.76,4,6,277,1.04,211
2025-12-29T23:40:08.347Z,m,0.9,3.76,4,6,277,1.04,211
2025-12-29T23:40:08.991Z,m,0.98,3.76,4,6,290,1.09,211
2025-12-29T23:40:08.990Z,m,0.98,3.76,4,6,290,1.09,211
2025-12-29T23:40:09.634Z,m,1.08,3.76,4,6,254,0.96,211
2025-12-29T23:40:09.635Z,m,1.08,3.76,4,6,254,0.96,211
2025-12-29T23:40:10.278Z,m,0,3.76,4,6,273,1.03,211
2025-12-29T23:40:10.278Z,m,0,3.76,4,6,273,1.03,211
2025-12-29T23:40:10.924Z,m,0.1,3.76,4,6,253,0.95,211
2025-12-29T23:40:10.924Z,m,0.1,3.76,4,6,253,0.95,211
2025-12-29T23:40:11.567Z,m,0.68,3.76,4,6,269,1.01,211
2025-12-29T23:40:11.567Z,m,0.68,3.76,4,6,269,1.01,211
2025-12-29T23:40:12.297Z,m,0.68,3.76,4,6,285,1.07,211
2025-12-29T23:40:12.297Z,m,0.68,3.76,4,6,285,1.07,211
2025-12-29T23:40:12.893Z,m,0.71,3.76,4,6,257,0.97,211
2025-12-29T23:40:12.893Z,m,0.71,3.76,4,6,257,0.97,211
2025-12-29T23:40:13.521Z,m,0.71,3.76,4,6,286,1.08,211
2025-12-29T23:40:13.520Z,m,0.71,3.76,4,6,286,1.08,211
2025-12-29T23:40:14.144Z,m,0.73,3.76,4,6,275,1.03,211
2025-12-29T23:40:14.144Z,m,0.73,3.76,4,6,275,1.03,211
2025-12-29T23:40:14.787Z,m,0.76,3.76,4,6,270,1.02,211
2025-12-29T23:40:14.787Z,m,0.76,3.76,4,6,270,1.02,211
2025-12-29T23:40:15.431Z,m,0.81,3.76,4,6,284,1.07,211
2025-12-29T23:40:15.430Z,m,0.81,3.76,4,6,284,1.07,211
2025-12-29T23:40:16.076Z,m,0.86,3.76,4,6,270,1.02,211
2025-12-29T23:40:16.077Z,m,0.86,3.76,4,6,270,1.02,211
2025-12-29T23:40:16.719Z,m,0.93,3.76,4,6,279,1.05,211
2025-12-29T23:40:16.719Z,m,0.93,3.76,4,6,279,1.05,211
2025-12-29T23:40:17.363Z,m,1,3.76,4,6,270,1.02,211
2025-12-29T23:40:17.362Z,m,1,3.76,4,6,270,1.02,211
2025-12-29T23:40:18.007Z,m,1.1,3.76,4,6,252,0.95,211
2025-12-29T23:40:18.007Z,m,1.1,3.76,4,6,252,0.95,211
2025-12-29T23:40:18.651Z,m,0.1,3.76,4,6,257,0.97,211
2025-12-29T23:40:18.650Z,m,0.1,3.76,4,6,257,0.97,211
2025-12-29T23:40:19.294Z,m,0.05,3.76,4,6,291,1.09,211
2025-12-29T23:40:19.295Z,m,0.05,3.76,4,6,291,1.09,211
2025-12-29T23:40:19.938Z,m,0.68,3.76,4,6,271,1.02,211
2025-12-29T23:40:19.938Z,m,0.68,3.76,4,6,271,1.02,211
2025-12-29T23:40:20.583Z,m,0.68,3.76,4,6,269,1.01,211
2025-12-29T23:40:20.583Z,m,0.68,3.76,4,6,269,1.01,211
2025-12-29T23:40:21.227Z,m,0.68,3.76,4,6,277,1.04,211
2025-12-29T23:40:21.227Z,m,0.68,3.76,4,6,277,1.04,211
2025-12-29T23:40:21.871Z,m,0.71,3.76,4,6,294,1.11,211
2025-12-29T23:40:21.871Z,m,0.71,3.76,4,6,294,1.11,211
2025-12-29T23:40:22.515Z,m,0.73,3.76,4,6,257,0.97,211
2025-12-29T23:40:22.515Z,m,0.73,3.76,4,6,257,0.97,211
2025-12-29T23:40:23.159Z,m,0.76,3.76,4,6,280,1.05,211
2025-12-29T23:40:23.161Z,m,0.76,3.76,4,6,280,1.05,211
2025-12-29T23:40:23.803Z,m,0.78,3.76,4,6,255,0.96,211
2025-12-29T23:40:23.803Z,m,0.78,3.76,4,6,255,0.96,211
2025-12-29T23:40:24.447Z,m,0.83,3.76,4,6,284,1.07,211
2025-12-29T23:40:24.447Z,m,0.83,3.76,4,6,284,1.07,211
2025-12-29T23:40:25.091Z,m,0.9,3.76,4,6,258,0.97,211
2025-12-29T23:40:25.091Z,m,0.9,3.76,4,6,258,0.97,211
2025-12-29T23:40:25.735Z,m,0.98,3.76,4,6,288,1.08,211
2025-12-29T23:40:25.735Z,m,0.98,3.76,4,6,288,1.08,211
2025-12-29T23:40:26.379Z,m,1.05,3.76,4,6,258,0.97,211
2025-12-29T23:40:26.379Z,m,1.05,3.76,4,6,258,0.97,211
2025-12-29T23:40:27.023Z,m,0,3.76,4,6,261,0.98,211
2025-12-29T23:40:27.023Z,m,0,3.76,4,6,261,0.98,211
2025-12-29T23:40:27.667Z,m,0.12,3.76,4,6,273,1.03,211
2025-12-29T23:40:27.667Z,m,0.12,3.76,4,6,273,1.03,211
2025-12-29T23:40:28.311Z,m,0.68,3.76,4,6,267,1,211
2025-12-29T23:40:28.311Z,m,0.68,3.76,4,6,267,1,211
2025-12-29T23:40:28.955Z,m,0.68,3.76,4,6,278,1.05,211
2025-12-29T23:40:28.966Z,m,0.68,3.76,4,6,278,1.05,211
2025-12-29T23:40:29.599Z,m,0.71,3.76,4,6,258,0.97,211
2025-12-29T23:40:29.599Z,m,0.71,3.76,4,6,258,0.97,211
2025-12-29T23:40:30.243Z,m,0.71,3.76,4,6,265,1,211
2025-12-29T23:40:30.243Z,m,0.71,3.76,4,6,265,1,211
2025-12-29T23:40:30.887Z,m,0.73,3.76,4,6,296,1.11,211
2025-12-29T23:40:30.887Z,m,0.73,3.76,4,6,296,1.11,211
2025-12-29T23:40:31.531Z,m,0.76,3.76,4,6,286,1.08,211
2025-12-29T23:40:31.532Z,m,0.76,3.76,4,6,286,1.08,211
2025-12-29T23:40:32.175Z,m,0.81,3.76,4,6,289,1.09,211
2025-12-29T23:40:32.175Z,m,0.81,3.76,4,6,289,1.09,211
2025-12-29T23:40:32.819Z,m,0.86,3.76,4,6,256,0.96,211
2025-12-29T23:40:32.819Z,m,0.86,3.76,4,6,256,0.96,211
2025-12-29T23:40:33.463Z,m,0.9,3.76,4,6,255,0.96,211
2025-12-29T23:40:33.463Z,m,0.9,3.76,4,6,255,0.96,211
2025-12-29T23:40:34.107Z,m,1,3.76,4,6,258,0.97,211
2025-12-29T23:40:34.107Z,m,1,3.76,4,6,258,0.97,211
2025-12-29T23:40:34.751Z,m,1.1,3.76,4,6,275,1.03,211
2025-12-29T23:40:34.751Z,m,1.1,3.76,4,6,275,1.03,211
2025-12-29T23:40:35.395Z,m,0.1,3.76,4,6,259,0.97,211
2025-12-29T23:40:35.395Z,m,0.1,3.76,4,6,259,0.97,211
2025-12-29T23:40:36.039Z,m,0.1,3.76,4,6,295,1.11,211
2025-12-29T23:40:36.040Z,m,0.1,3.76,4,6,295,1.11,211
2025-12-29T23:40:36.684Z,m,0.68,3.76,4,6,290,1.09,211
2025-12-29T23:40:36.684Z,m,0.68,3.76,4,6,290,1.09,211
2025-12-29T23:40:37.328Z,m,0.68,3.76,4,6,284,1.07,211
2025-12-29T23:40:37.328Z,m,0.68,3.76,4,6,284,1.07,211
2025-12-29T23:40:37.972Z,m,0.71,3.76,4,6,260,0.98,211
2025-12-29T23:40:37.972Z,m,0.71,3.76,4,6,260,0.98,211
2025-12-29T23:40:38.616Z,m,0.71,3.76,4,6,265,1,211
2025-12-29T23:40:38.615Z,m,0.71,3.76,4,6,265,1,211
2025-12-29T23:40:39.260Z,m,0.73,3.76,4,6,279,1.05,211
2025-12-29T23:40:39.260Z,m,0.73,3.76,4,6,279,1.05,211
2025-12-29T23:40:39.904Z,m,0.76,3.76,4,6,289,1.09,211
2025-12-29T23:40:39.904Z,m,0.76,3.76,4,6,289,1.09,211
2025-12-29T23:40:40.548Z,m,0.78,3.76,4,6,250,0.94,211
2025-12-29T23:40:40.548Z,m,0.78,3.76,4,6,250,0.94,211
2025-12-29T23:40:41.192Z,m,0.83,3.76,4,6,258,0.97,211
2025-12-29T23:40:41.192Z,m,0.83,3.76,4,6,258,0.97,211
2025-12-29T23:40:41.836Z,m,0.9,3.76,4,6,279,1.05,211
2025-12-29T23:40:41.836Z,m,0.9,3.76,4,6,279,1.05,211
2025-12-29T23:40:42.480Z,m,0.98,3.76,4,6,293,1.1,211
2025-12-29T23:40:42.480Z,m,0.98,3.76,4,6,293,1.1,211
2025-12-29T23:40:43.124Z,m,1.08,3.76,4,6,292,1.1,211
2025-12-29T23:40:43.124Z,m,1.08,3.76,4,6,292,1.1,211
2025-12-29T23:40:43.768Z,m,0,3.76,4,6,291,1.09,211
2025-12-29T23:40:43.768Z,m,0,3.76,4,6,291,1.09,211
2025-12-29T23:40:44.412Z,m,0.12,3.76,4,6,262,0.99,211
2025-12-29T23:40:44.412Z,m,0.12,3.76,4,6,262,0.99,211
2025-12-29T23:40:45.056Z,m,0.68,3.76,4,6,295,1.11,211
2025-12-29T23:40:45.056Z,m,0.68,3.76,4,6,295,1.11,211
2025-12-29T23:40:45.700Z,m,0.68,3.76,4,6,277,1.04,211
2025-12-29T23:40:45.700Z,m,0.68,3.76,4,6,277,1.04,211
2025-12-29T23:40:46.344Z,m,0.71,3.76,4,6,264,0.99,211
2025-12-29T23:40:46.344Z,m,0.71,3.76,4,6,264,0.99,211
2025-12-29T23:40:46.988Z,m,0.71,3.76,4,6,298,1.12,211
2025-12-29T23:40:46.988Z,m,0.71,3.76,4,6,298,1.12,211
2025-12-29T23:40:47.632Z,m,0.73,3.76,4,6,264,0.99,211
2025-12-29T23:40:47.632Z,m,0.73,3.76,4,6,264,0.99,211
2025-12-29T23:40:48.277Z,m,0.76,3.76,4,6,287,1.08,211
2025-12-29T23:40:48.276Z,m,0.76,3.76,4,6,287,1.08,211
2025-12-29T23:40:48.920Z,m,0.81,3.76,4,6,283,1.06,211
2025-12-29T23:40:48.920Z,m,0.81,3.76,4,6,283,1.06,211
2025-12-29T23:40:49.564Z,m,0.86,3.76,4,6,297,1.12,211
2025-12-29T23:40:49.565Z,m,0.86,3.76,4,6,297,1.12,211
2025-12-29T23:40:50.208Z,m,0.93,3.76,4,6,276,1.04,211
2025-12-29T23:40:50.209Z,m,0.93,3.76,4,6,276,1.04,211
2025-12-29T23:40:50.852Z,m,1,3.76,4,6,275,1.03,211
2025-12-29T23:40:50.852Z,m,1,3.76,4,6,275,1.03,211
2025-12-29T23:40:51.496Z,m,1.1,3.76,4,6,256,0.96,211
2025-12-29T23:40:51.496Z,m,1.1,3.76,4,6,256,0.96,211
2025-12-29T23:40:52.141Z,m,0,3.76,4,6,294,1.11,211
2025-12-29T23:40:52.141Z,m,0,3.76,4,6,294,1.11,211
2025-12-29T23:40:52.784Z,m,0.1,3.76,4,6,288,1.08,211
2025-12-29T23:40:52.785Z,m,0.1,3.76,4,6,288,1.08,211
2025-12-29T23:40:53.428Z,m,0.68,3.76,4,6,268,1.01,211
2025-12-29T23:40:53.428Z,m,0.68,3.76,4,6,268,1.01,211
2025-12-29T23:40:54.072Z,m,0.68,3.76,4,6,293,1.1,211
2025-12-29T23:40:54.073Z,m,0.68,3.76,4,6,293,1.1,211
2025-12-29T23:40:54.716Z,m,0.68,3.76,4,6,256,0.96,211
2025-12-29T23:40:54.716Z,m,0.68,3.76,4,6,256,0.96,211
2025-12-29T23:40:55.360Z,m,0.71,3.76,4,6,285,1.07,211
2025-12-29T23:40:55.360Z,m,0.71,3.76,4,6,285,1.07,211
2025-12-29T23:40:56.004Z,m,0.73,3.76,4,6,297,1.12,211
2025-12-29T23:40:56.005Z,m,0.73,3.76,4,6,297,1.12,211
2025-12-29T23:40:56.648Z,m,0.76,3.76,4,6,274,1.03,211
2025-12-29T23:40:56.649Z,m,0.76,3.76,4,6,274,1.03,211
2025-12-29T23:40:57.292Z,m,0.81,3.76,4,6,298,1.12,211
2025-12-29T23:40:57.292Z,m,0.81,3.76,4,6,298,1.12,211
2025-12-29T23:40:57.936Z,m,0.86,3.76,4,6,279,1.05,211
2025-12-29T23:40:57.937Z,m,0.86,3.76,4,6,279,1.05,211
2025-12-29T23:40:58.580Z,m,0.93,3.76,4,6,267,1,211
2025-12-29T23:40:58.580Z,m,0.93,3.76,4,6,267,1,211
2025-12-29T23:40:59.225Z,m,1.03,3.76,4,6,254,0.96,211
2025-12-29T23:40:59.225Z,m,1.03,3.76,4,6,254,0.96,211
2025-12-29T23:40:59.868Z,m,0,3.76,4,6,277,1.04,211
2025-12-29T23:40:59.868Z,m,0,3.76,4,6,277,1.04,211
2025-12-29T23:41:00.513Z,m,0.12,3.76,4,6,253,0.95,211
2025-12-29T23:41:00.513Z,m,0.12,3.76,4,6,253,0.95,211
2025-12-29T23:41:01.157Z,m,0.68,3.76,4,6,276,1.04,211
2025-12-29T23:41:01.156Z,m,0.68,3.76,4,6,276,1.04,211
2025-12-29T23:41:01.800Z,m,0.68,3.76,4,6,285,1.07,211
2025-12-29T23:41:01.801Z,m,0.68,3.76,4,6,285,1.07,211
2025-12-29T23:41:02.444Z,m,0.68,3.76,4,6,279,1.05,211
2025-12-29T23:41:02.445Z,m,0.68,3.76,4,6,279,1.05,211
2025-12-29T23:41:03.089Z,m,0.71,3.76,4,6,282,1.06,211
2025-12-29T23:41:03.089Z,m,0.71,3.76,4,6,282,1.06,211
2025-12-29T23:41:03.733Z,m,0.71,3.76,4,6,261,0.98,211
2025-12-29T23:41:03.733Z,m,0.71,3.76,4,6,261,0.98,211
2025-12-29T23:41:04.377Z,m,0.73,3.76,4,6,282,1.06,211
2025-12-29T23:41:04.377Z,m,0.73,3.76,4,6,282,1.06,211
2025-12-29T23:41:05.021Z,m,0.78,3.76,4,6,287,1.08,211
2025-12-29T23:41:05.021Z,m,0.78,3.76,4,6,287,1.08,211
2025-12-29T23:41:05.665Z,m,0.83,3.76,4,6,267,1,211
2025-12-29T23:41:05.665Z,m,0.83,3.76,4,6,267,1,211
2025-12-29T23:41:06.309Z,m,0.88,3.76,4,6,262,0.99,211
2025-12-29T23:41:06.309Z,m,0.88,3.76,4,6,262,0.99,211
2025-12-29T23:41:06.953Z,m,0.95,3.76,4,6,296,1.11,211
2025-12-29T23:41:06.953Z,m,0.95,3.76,4,6,296,1.11,211
2025-12-29T23:41:07.597Z,m,1.05,3.76,4,6,290,1.09,211
2025-12-29T23:41:07.597Z,m,1.05,3.76,4,6,290,1.09,211
2025-12-29T23:41:08.241Z,m,0,3.76,4,6,273,1.03,211
2025-12-29T23:41:08.241Z,m,0,3.76,4,6,273,1.03,211
2025-12-29T23:41:08.885Z,m,0.12,3.76,4,6,275,1.03,211
2025-12-29T23:41:08.885Z,m,0.12,3.76,4,6,275,1.03,211
2025-12-29T23:41:09.530Z,m,0.68,3.76,4,6,285,1.07,211
2025-12-29T23:41:09.529Z,m,0.68,3.76,4,6,285,1.07,211
2025-12-29T23:41:10.173Z,m,0.68,3.76,4,6,250,0.94,211
2025-12-29T23:41:10.173Z,m,0.68,3.76,4,6,250,0.94,211
2025-12-29T23:41:10.817Z,m,0.71,3.76,4,6,275,1.03,211
2025-12-29T23:41:10.817Z,m,0.71,3.76,4,6,275,1.03,211
2025-12-29T23:41:11.461Z,m,0.71,3.76,4,6,276,1.04,211
2025-12-29T23:41:11.461Z,m,0.71,3.76,4,6,276,1.04,211
2025-12-29T23:41:12.105Z,m,0.73,3.76,4,6,293,1.1,211
2025-12-29T23:41:12.105Z,m,0.73,3.76,4,6,293,1.1,211
2025-12-29T23:41:12.749Z,m,0.76,3.76,4,6,293,1.1,211
2025-12-29T23:41:12.749Z,m,0.76,3.76,4,6,293,1.1,211
2025-12-29T23:41:13.393Z,m,0.78,3.76,4,6,287,1.08,211
2025-12-29T23:41:13.393Z,m,0.78,3.76,4,6,287,1.08,211
2025-12-29T23:41:14.037Z,m,0.83,3.76,4,6,298,1.12,211
2025-12-29T23:41:14.037Z,m,0.83,3.76,4,6,298,1.12,211
2025-12-29T23:41:14.681Z,m,0.9,3.76,4,6,289,1.09,211
2025-12-29T23:41:14.681Z,m,0.9,3.76,4,6,289,1.09,211
2025-12-29T23:41:15.325Z,m,0.95,3.76,4,6,297,1.12,211
2025-12-29T23:41:15.325Z,m,0.95,3.76,4,6,297,1.12,211
2025-12-29T23:41:15.969Z,m,1.05,3.76,4,6,291,1.09,211
2025-12-29T23:41:15.969Z,m,1.05,3.76,4,6,291,1.09,211
2025-12-29T23:41:16.613Z,m,0,3.76,4,6,266,1,211
2025-12-29T23:41:16.613Z,m,0,3.76,4,6,266,1,211
2025-12-29T23:41:17.257Z,m,0.12,3.76,4,6,278,1.05,211
2025-12-29T23:41:17.257Z,m,0.12,3.76,4,6,278,1.05,211
2025-12-29T23:41:17.901Z,m,0.68,3.76,4,6,264,0.99,211
2025-12-29T23:41:17.901Z,m,0.68,3.76,4,6,264,0.99,211
2025-12-29T23:41:18.545Z,m,0.68,3.76,4,6,292,1.1,211
2025-12-29T23:41:18.545Z,m,0.68,3.76,4,6,292,1.1,211
2025-12-29T23:41:19.190Z,m,0.71,3.76,4,6,251,0.94,211
2025-12-29T23:41:19.189Z,m,0.71,3.76,4,6,251,0.94,211
2025-12-29T23:41:19.833Z,m,0.71,3.76,4,6,260,0.98,211
2025-12-29T23:41:19.833Z,m,0.71,3.76,4,6,260,0.98,211
2025-12-29T23:41:20.477Z,m,0.73,3.76,4,6,256,0.96,211
2025-12-29T23:41:20.477Z,m,0.73,3.76,4,6,256,0.96,211
2025-12-29T23:41:21.121Z,m,0.76,3.76,4,6,293,1.1,211
2025-12-29T23:41:21.122Z,m,0.76,3.76,4,6,293,1.1,211
2025-12-29T23:41:21.765Z,m,0.78,3.76,4,6,267,1,211
2025-12-29T23:41:21.765Z,m,0.78,3.76,4,6,267,1,211
2025-12-29T23:41:22.409Z,m,0.83,3.76,4,6,261,0.98,211
2025-12-29T23:41:22.409Z,m,0.83,3.76,4,6,261,0.98,211
2025-12-29T23:41:23.054Z,m,0.9,3.76,4,6,262,0.99,211
2025-12-29T23:41:23.053Z,m,0.9,3.76,4,6,262,0.99,211
2025-12-29T23:41:23.697Z,m,0.98,3.76,4,6,296,1.11,211
2025-12-29T23:41:23.697Z,m,0.98,3.76,4,6,296,1.11,211
2025-12-29T23:41:24.341Z,m,1.08,3.76,4,6,291,1.09,211
2025-12-29T23:41:24.341Z,m,1.08,3.76,4,6,291,1.09,211
2025-12-29T23:41:24.985Z,m,0,3.76,4,6,279,1.05,211
2025-12-29T23:41:24.985Z,m,0,3.76,4,6,279,1.05,211
2025-12-29T23:41:25.644Z,m,0.12,3.76,4,6,294,1.11,211
2025-12-29T23:41:25.644Z,m,0.12,3.76,4,6,294,1.11,211
2025-12-29T23:41:26.273Z,m,0.68,3.76,4,6,255,0.96,211
2025-12-29T23:41:26.273Z,m,0.68,3.76,4,6,255,0.96,211
2025-12-29T23:41:26.917Z,m,0.68,3.76,4,6,296,1.11,211
2025-12-29T23:41:26.917Z,m,0.68,3.76,4,6,296,1.11,211
2025-12-29T23:41:27.561Z,m,0.71,3.76,4,6,268,1.01,211
2025-12-29T23:41:27.561Z,m,0.71,3.76,4,6,268,1.01,211
2025-12-29T23:41:28.206Z,m,0.71,3.76,4,6,275,1.03,211
2025-12-29T23:41:28.205Z,m,0.71,3.76,4,6,275,1.03,211
2025-12-29T23:41:28.850Z,m,0.73,3.76,4,6,256,0.96,211
2025-12-29T23:41:28.851Z,m,0.73,3.76,4,6,256,0.96,211
2025-12-29T23:41:29.493Z,m,0.78,3.76,4,6,299,1.12,211
2025-12-29T23:41:29.494Z,m,0.78,3.76,4,6,299,1.12,211
2025-12-29T23:41:30.137Z,m,0.81,3.76,4,6,287,1.08,211
2025-12-29T23:41:30.137Z,m,0.81,3.76,4,6,287,1.08,211
2025-12-29T23:41:30.781Z,m,0.86,3.76,4,6,292,1.1,211
2025-12-29T23:41:30.782Z,m,0.86,3.76,4,6,292,1.1,211
2025-12-29T23:41:31.426Z,m,0.93,3.76,4,6,281,1.06,211
2025-12-29T23:41:31.425Z,m,0.93,3.76,4,6,281,1.06,211
2025-12-29T23:41:32.069Z,m,1.03,3.76,4,6,287,1.08,211
2025-12-29T23:41:32.069Z,m,1.03,3.76,4,6,287,1.08,211
2025-12-29T23:41:32.714Z,m,0,3.76,4,6,298,1.12,211
2025-12-29T23:41:32.713Z,m,0,3.76,4,6,298,1.12,211
2025-12-29T23:41:33.357Z,m,0.12,3.76,4,6,283,1.06,211
2025-12-29T23:41:33.358Z,m,0.12,3.76,4,6,283,1.06,211
2025-12-29T23:41:34.002Z,m,0.68,3.76,4,6,285,1.07,211
2025-12-29T23:41:34.002Z,m,0.68,3.76,4,6,285,1.07,211
2025-12-29T23:41:34.645Z,m,0.68,3.76,4,6,294,1.11,211
2025-12-29T23:41:34.646Z,m,0.68,3.76,4,6,294,1.11,211
2025-12-29T23:41:35.289Z,m,0.68,3.76,4,6,275,1.03,211
2025-12-29T23:41:35.290Z,m,0.68,3.76,4,6,275,1.03,211
2025-12-29T23:41:35.933Z,m,0.71,3.76,4,6,287,1.08,211
2025-12-29T23:41:35.934Z,m,0.71,3.76,4,6,287,1.08,211
2025-12-29T23:41:36.578Z,m,0.73,3.76,4,6,289,1.09,211
2025-12-29T23:41:36.578Z,m,0.73,3.76,4,6,289,1.09,211
2025-12-29T23:41:37.221Z,m,0.73,3.76,4,6,276,1.04,211
2025-12-29T23:41:37.222Z,m,0.73,3.76,4,6,276,1.04,211
2025-12-29T23:41:37.866Z,m,0.76,3.76,4,6,298,1.12,211
2025-12-29T23:41:37.866Z,m,0.76,3.76,4,6,298,1.12,211
2025-12-29T23:41:38.510Z,m,0.83,3.76,4,6,293,1.1,211
2025-12-29T23:41:38.510Z,m,0.83,3.76,4,6,293,1.1,211
2025-12-29T23:41:39.154Z,m,0.86,3.76,4,6,270,1.02,211
2025-12-29T23:41:39.154Z,m,0.86,3.76,4,6,270,1.02,211
2025-12-29T23:41:39.798Z,m,0.95,3.76,4,6,282,1.06,211
2025-12-29T23:41:39.798Z,m,0.95,3.76,4,6,282,1.06,211
2025-12-29T23:41:40.442Z,m,1.03,3.76,4,6,262,0.99,211
2025-12-29T23:41:40.442Z,m,1.03,3.76,4,6,262,0.99,211
2025-12-29T23:41:41.086Z,m,0,3.76,4,6,294,1.11,211
2025-12-29T23:41:41.086Z,m,0,3.76,4,6,294,1.11,211
2025-12-29T23:41:41.730Z,m,0.12,3.76,4,6,278,1.05,211
2025-12-29T23:41:41.730Z,m,0.12,3.76,4,6,278,1.05,211
2025-12-29T23:41:42.374Z,m,0.68,3.76,4,6,252,0.95,211
2025-12-29T23:41:42.374Z,m,0.68,3.76,4,6,252,0.95,211
2025-12-29T23:41:43.018Z,m,0.68,3.76,4,6,281,1.06,211
2025-12-29T23:41:43.018Z,m,0.68,3.76,4,6,281,1.06,211
2025-12-29T23:41:43.662Z,m,0.71,3.76,4,6,257,0.97,211
2025-12-29T23:41:43.662Z,m,0.71,3.76,4,6,257,0.97,211
2025-12-29T23:41:44.306Z,m,0.71,3.76,4,6,262,0.99,211
2025-12-29T23:41:44.306Z,m,0.71,3.76,4,6,262,0.99,211
2025-12-29T23:41:44.950Z,m,0.73,3.76,4,6,252,0.95,211
2025-12-29T23:41:44.950Z,m,0.73,3.76,4,6,252,0.95,211
2025-12-29T23:41:45.594Z,m,0.73,3.76,4,6,292,1.1,211
2025-12-29T23:41:45.594Z,m,0.73,3.76,4,6,292,1.1,211
2025-12-29T23:41:46.238Z,m,0.78,3.76,4,6,290,1.09,211
2025-12-29T23:41:46.238Z,m,0.78,3.76,4,6,290,1.09,211
2025-12-29T23:41:46.882Z,m,0.83,3.76,4,6,273,1.03,211
2025-12-29T23:41:46.882Z,m,0.83,3.76,4,6,273,1.03,211
2025-12-29T23:41:47.526Z,m,0.88,3.76,4,6,269,1.01,211
2025-12-29T23:41:47.527Z,m,0.88,3.76,4,6,269,1.01,211
2025-12-29T23:41:48.171Z,m,0.95,3.76,4,6,286,1.08,211
2025-12-29T23:41:48.170Z,m,0.95,3.76,4,6,286,1.08,211
2025-12-29T23:41:48.815Z,m,1.05,3.76,4,6,250,0.94,211
2025-12-29T23:41:48.814Z,m,1.05,3.76,4,6,250,0.94,211
2025-12-29T23:41:49.458Z,m,0,3.76,4,6,270,1.02,211
2025-12-29T23:41:49.459Z,m,0,3.76,4,6,270,1.02,211
2025-12-29T23:41:50.162Z,m,0.12,3.76,4,6,251,0.94,211
2025-12-29T23:41:50.163Z,m,0.12,3.76,4,6,251,0.94,211
2025-12-29T23:41:50.746Z,m,0.68,3.76,4,6,265,1,211
2025-12-29T23:41:50.746Z,m,0.68,3.76,4,6,265,1,211
2025-12-29T23:41:51.390Z,m,0.68,3.76,4,6,265,1,211
2025-12-29T23:41:51.391Z,m,0.68,3.76,4,6,265,1,211
2025-12-29T23:41:52.034Z,m,0.71,3.76,4,6,269,1.01,211
2025-12-29T23:41:52.035Z,m,0.71,3.76,4,6,269,1.01,211
2025-12-29T23:41:52.679Z,m,0.71,3.76,4,6,298,1.12,211
2025-12-29T23:41:52.679Z,m,0.71,3.76,4,6,298,1.12,211
2025-12-29T23:41:53.323Z,m,0.73,3.76,4,6,279,1.05,211
2025-12-29T23:41:53.323Z,m,0.73,3.76,4,6,279,1.05,211
2025-12-29T23:41:53.966Z,m,0.76,3.76,4,6,285,1.07,211
2025-12-29T23:41:53.967Z,m,0.76,3.76,4,6,285,1.07,211
2025-12-29T23:41:54.611Z,m,0.81,3.76,4,6,267,1,211
2025-12-29T23:41:54.610Z,m,0.81,3.76,4,6,267,1,211
2025-12-29T23:41:55.254Z,m,0.83,3.76,4,6,255,0.96,211
2025-12-29T23:41:55.255Z,m,0.83,3.76,4,6,255,0.96,211
2025-12-29T23:41:55.898Z,m,0.9,3.76,4,6,289,1.09,211
2025-12-29T23:41:55.898Z,m,0.9,3.76,4,6,289,1.09,211
2025-12-29T23:41:56.542Z,m,1,3.76,4,6,269,1.01,211
2025-12-29T23:41:56.542Z,m,1,3.76,4,6,269,1.01,211
2025-12-29T23:41:57.187Z,m,1.08,3.76,4,6,260,0.98,211
2025-12-29T23:41:57.187Z,m,1.08,3.76,4,6,260,0.98,211
2025-12-29T23:41:57.831Z,m,0,3.76,4,6,256,0.96,211
2025-12-29T23:41:57.832Z,m,0,3.76,4,6,256,0.96,211
2025-12-29T23:41:58.474Z,m,0.68,3.76,4,6,273,1.03,211
2025-12-29T23:41:58.475Z,m,0.68,3.76,4,6,273,1.03,211
2025-12-29T23:41:59.118Z,m,0.68,3.76,4,6,299,1.12,211
2025-12-29T23:41:59.119Z,m,0.68,3.76,4,6,299,1.12,211
2025-12-29T23:41:59.834Z,m,0.68,3.76,4,6,260,0.98,211
2025-12-29T23:41:59.834Z,m,0.68,3.76,4,6,260,0.98,211
2025-12-29T23:42:00.407Z,m,0.71,3.76,4,6,270,1.02,211
2025-12-29T23:42:00.407Z,m,0.71,3.76,4,6,270,1.02,211
2025-12-29T23:42:01.050Z,m,0.71,3.76,4,6,264,0.99,211
2025-12-29T23:42:01.050Z,m,0.71,3.76,4,6,264,0.99,211
2025-12-29T23:42:01.695Z,m,0.76,3.76,4,6,274,1.03,211
2025-12-29T23:42:01.695Z,m,0.76,3.76,4,6,274,1.03,211
2025-12-29T23:42:02.339Z,m,0.76,3.76,4,6,260,0.98,211
2025-12-29T23:42:02.339Z,m,0.76,3.76,4,6,260,0.98,211
2025-12-29T23:42:02.983Z,m,0.83,3.76,4,6,262,0.99,211
2025-12-29T23:42:02.983Z,m,0.83,3.76,4,6,262,0.99,211
2025-12-29T23:42:03.627Z,m,0.88,3.76,4,6,251,0.94,211
2025-12-29T23:42:03.627Z,m,0.88,3.76,4,6,251,0.94,211
2025-12-29T23:42:04.271Z,m,0.95,3.76,4,6,255,0.96,211
2025-12-29T23:42:04.271Z,m,0.95,3.76,4,6,255,0.96,211
2025-12-29T23:42:04.915Z,m,1.03,3.76,4,6,259,0.97,211
2025-12-29T23:42:04.915Z,m,1.03,3.76,4,6,259,0.97,211
2025-12-29T23:42:05.559Z,m,0,3.76,4,6,294,1.11,211
2025-12-29T23:42:05.559Z,m,0,3.76,4,6,294,1.11,211
2025-12-29T23:42:06.203Z,m,0.12,3.76,4,6,287,1.08,211
2025-12-29T23:42:06.203Z,m,0.12,3.76,4,6,287,1.08,211
2025-12-29T23:42:06.847Z,m,0.68,3.76,4,6,257,0.97,211
2025-12-29T23:42:06.847Z,m,0.68,3.76,4,6,257,0.97,211
2025-12-29T23:42:07.491Z,m,0.66,3.76,4,6,276,1.04,211
2025-12-29T23:42:07.491Z,m,0.66,3.76,4,6,276,1.04,211
2025-12-29T23:42:08.166Z,m,0.68,3.76,4,6,284,1.07,211
2025-12-29T23:42:08.167Z,m,0.68,3.76,4,6,284,1.07,211
2025-12-29T23:42:08.779Z,m,0.71,3.76,4,6,276,1.04,211
2025-12-29T23:42:08.779Z,m,0.71,3.76,4,6,276,1.04,211
2025-12-29T23:42:09.423Z,m,0.71,3.76,4,6,288,1.08,211
2025-12-29T23:42:09.423Z,m,0.71,3.76,4,6,288,1.08,211
2025-12-29T23:42:10.067Z,m,0.76,3.76,4,6,284,1.07,211
2025-12-29T23:42:10.067Z,m,0.76,3.76,4,6,284,1.07,211
2025-12-29T23:42:10.711Z,m,0.78,3.76,4,6,259,0.97,211
2025-12-29T23:42:10.711Z,m,0.78,3.76,4,6,259,0.97,211
2025-12-29T23:42:11.355Z,m,0.83,3.76,4,6,273,1.03,211
2025-12-29T23:42:11.355Z,m,0.83,3.76,4,6,273,1.03,211
2025-12-29T23:42:11.999Z,m,0.88,3.76,4,6,288,1.08,211
2025-12-29T23:42:11.999Z,m,0.88,3.76,4,6,288,1.08,211
2025-12-29T23:42:12.643Z,m,0.95,3.76,4,6,273,1.03,211
2025-12-29T23:42:12.643Z,m,0.95,3.76,4,6,273,1.03,211
2025-12-29T23:42:13.287Z,m,1.08,3.76,4,6,269,1.01,211
2025-12-29T23:42:13.287Z,m,1.08,3.76,4,6,269,1.01,211
2025-12-29T23:42:13.931Z,m,0,3.76,4,6,261,0.98,211
2025-12-29T23:42:13.931Z,m,0,3.76,4,6,261,0.98,211
2025-12-29T23:42:14.575Z,m,0.12,3.76,4,6,260,0.98,211
2025-12-29T23:42:14.575Z,m,0.12,3.76,4,6,260,0.98,211
2025-12-29T23:42:15.219Z,m,0.68,3.76,4,6,268,1.01,211
2025-12-29T23:42:15.219Z,m,0.68,3.76,4,6,268,1.01,211
2025-12-29T23:42:15.863Z,m,0.68,3.76,4,6,293,1.1,211
2025-12-29T23:42:15.863Z,m,0.68,3.76,4,6,293,1.1,211
2025-12-29T23:42:16.507Z,m,0.71,3.76,4,6,264,0.99,211
2025-12-29T23:42:16.507Z,m,0.71,3.76,4,6,264,0.99,211
2025-12-29T23:42:17.151Z,m,0.71,3.76,4,6,288,1.08,211
2025-12-29T23:42:17.151Z,m,0.71,3.76,4,6,288,1.08,211
2025-12-29T23:42:17.795Z,m,0.73,3.76,4,6,295,1.11,211
2025-12-29T23:42:17.795Z,m,0.73,3.76,4,6,295,1.11,211
2025-12-29T23:42:18.439Z,m,0.73,3.76,4,6,251,0.94,211
2025-12-29T23:42:18.439Z,m,0.73,3.76,4,6,251,0.94,211
2025-12-29T23:42:19.083Z,m,0.78,3.76,4,6,299,1.12,211
2025-12-29T23:42:19.083Z,m,0.78,3.76,4,6,299,1.12,211
2025-12-29T23:42:19.727Z,m,0.83,3.76,4,6,274,1.03,211
2025-12-29T23:42:19.727Z,m,0.83,3.76,4,6,274,1.03,211
2025-12-29T23:42:20.371Z,m,0.9,3.76,4,6,279,1.05,211
2025-12-29T23:42:20.371Z,m,0.9,3.76,4,6,279,1.05,211
2025-12-29T23:42:21.015Z,m,0.98,3.76,4,6,274,1.03,211
2025-12-29T23:42:21.015Z,m,0.98,3.76,4,6,274,1.03,211
2025-12-29T23:42:21.660Z,m,1.08,3.76,4,6,280,1.05,211
2025-12-29T23:42:21.659Z,m,1.08,3.76,4,6,280,1.05,211
2025-12-29T23:42:22.303Z,m,0,3.76,4,6,264,0.99,211
2025-12-29T23:42:22.303Z,m,0,3.76,4,6,264,0.99,211
2025-12-29T23:42:22.947Z,m,0.1,3.76,4,6,255,0.96,211
2025-12-29T23:42:22.947Z,m,0.1,3.76,4,6,255,0.96,211
2025-12-29T23:42:23.591Z,m,0.68,3.76,4,6,285,1.07,211
2025-12-29T23:42:23.591Z,m,0.68,3.76,4,6,285,1.07,211
2025-12-29T23:42:24.235Z,m,0.68,3.76,4,6,274,1.03,211
2025-12-29T23:42:24.235Z,m,0.68,3.76,4,6,274,1.03,211
2025-12-29T23:42:24.879Z,m,0.71,3.76,4,6,254,0.96,211
2025-12-29T23:42:24.880Z,m,0.71,3.76,4,6,254,0.96,211
2025-12-29T23:42:25.524Z,m,0.73,3.76,4,6,269,1.01,211
2025-12-29T23:42:25.523Z,m,0.73,3.76,4,6,269,1.01,211
2025-12-29T23:42:26.168Z,m,0.73,3.76,4,6,270,1.02,211
2025-12-29T23:42:26.168Z,m,0.73,3.76,4,6,270,1.02,211
2025-12-29T23:42:26.812Z,m,0.76,3.76,4,6,295,1.11,211
2025-12-29T23:42:26.811Z,m,0.76,3.76,4,6,295,1.11,211
2025-12-29T23:42:27.456Z,m,0.81,3.76,4,6,263,0.99,211
2025-12-29T23:42:27.456Z,m,0.81,3.76,4,6,263,0.99,211
2025-12-29T23:42:28.099Z,m,0.86,3.76,4,6,251,0.94,211
2025-12-29T23:42:28.100Z,m,0.86,3.76,4,6,251,0.94,211
2025-12-29T23:42:28.743Z,m,0.93,3.76,4,6,276,1.04,211
2025-12-29T23:42:28.744Z,m,0.93,3.76,4,6,276,1.04,211
2025-12-29T23:42:29.388Z,m,1,3.76,4,6,277,1.04,211
2025-12-29T23:42:29.389Z,m,1,3.76,4,6,277,1.04,211
2025-12-29T23:42:30.031Z,m,1.1,3.76,4,6,273,1.03,211
2025-12-29T23:42:30.032Z,m,1.1,3.76,4,6,273,1.03,211
2025-12-29T23:42:30.675Z,m,0.1,3.76,4,6,254,0.96,211
2025-12-29T23:42:30.676Z,m,0.1,3.76,4,6,254,0.96,211
2025-12-29T23:42:31.320Z,m,0.12,3.76,4,6,260,0.98,211
2025-12-29T23:42:31.319Z,m,0.12,3.76,4,6,260,0.98,211
2025-12-29T23:42:31.963Z,m,0.68,3.76,4,6,298,1.12,211
2025-12-29T23:42:31.964Z,m,0.68,3.76,4,6,298,1.12,211
2025-12-29T23:42:32.608Z,m,0.68,3.76,4,6,299,1.12,211
2025-12-29T23:42:32.608Z,m,0.68,3.76,4,6,299,1.12,211
2025-12-29T23:42:33.252Z,m,0.68,3.76,4,6,299,1.12,211
2025-12-29T23:42:33.252Z,m,0.68,3.76,4,6,299,1.12,211
2025-12-29T23:42:33.895Z,m,0.71,3.76,4,6,289,1.09,211
2025-12-29T23:42:33.896Z,m,0.71,3.76,4,6,289,1.09,211
2025-12-29T23:42:34.539Z,m,0.73,3.76,4,6,292,1.1,211
2025-12-29T23:42:34.540Z,m,0.73,3.76,4,6,292,1.1,211
2025-12-29T23:42:35.184Z,m,0.76,3.76,4,6,288,1.08,211
2025-12-29T23:42:35.184Z,m,0.76,3.76,4,6,288,1.08,211
2025-12-29T23:42:35.828Z,m,0.78,3.76,4,6,292,1.1,211
2025-12-29T23:42:35.828Z,m,0.78,3.76,4,6,292,1.1,211
2025-12-29T23:42:36.472Z,m,0.83,3.76,4,6,279,1.05,211
2025-12-29T23:42:36.472Z,m,0.83,3.76,4,6,279,1.05,211
2025-12-29T23:42:37.116Z,m,0.9,3.76,4,6,290,1.09,211
2025-12-29T23:42:37.116Z,m,0.9,3.76,4,6,290,1.09,211
2025-12-29T23:42:37.760Z,m,0.98,3.76,4,6,268,1.01,211
2025-12-29T23:42:37.760Z,m,0.98,3.76,4,6,268,1.01,211
2025-12-29T23:42:38.404Z,m,1.08,3.76,4,6,279,1.05,211
2025-12-29T23:42:38.404Z,m,1.08,3.76,4,6,279,1.05,211
2025-12-29T23:42:39.048Z,m,0,3.76,4,6,296,1.11,211
2025-12-29T23:42:39.048Z,m,0,3.76,4,6,296,1.11,211
2025-12-29T23:42:39.692Z,m,0.1,3.76,4,6,272,1.02,211
2025-12-29T23:42:39.692Z,m,0.1,3.76,4,6,272,1.02,211
2025-12-29T23:42:40.336Z,m,0.68,3.76,4,6,295,1.11,211
2025-12-29T23:42:40.336Z,m,0.68,3.76,4,6,295,1.11,211
2025-12-29T23:42:40.980Z,m,0.68,3.76,4,6,264,0.99,211
2025-12-29T23:42:40.981Z,m,0.68,3.76,4,6,264,0.99,211
2025-12-29T23:42:41.624Z,m,0.71,3.76,4,6,256,0.96,211
2025-12-29T23:42:41.624Z,m,0.71,3.76,4,6,256,0.96,211
2025-12-29T23:42:42.268Z,m,0.71,3.76,4,6,290,1.09,211
2025-12-29T23:42:42.268Z,m,0.71,3.76,4,6,290,1.09,211
2025-12-29T23:42:42.912Z,m,0.73,3.76,4,6,281,1.06,211
2025-12-29T23:42:42.912Z,m,0.73,3.76,4,6,281,1.06,211
2025-12-29T23:42:43.556Z,m,0.76,3.76,4,6,257,0.97,211
2025-12-29T23:42:43.557Z,m,0.76,3.76,4,6,257,0.97,211
2025-12-29T23:42:44.201Z,m,0.81,3.76,4,6,288,1.08,211
2025-12-29T23:42:44.200Z,m,0.81,3.76,4,6,288,1.08,211
2025-12-29T23:42:44.844Z,m,0.86,3.76,4,6,286,1.08,211
2025-12-29T23:42:44.845Z,m,0.86,3.76,4,6,286,1.08,211
2025-12-29T23:42:45.488Z,m,0.9,3.76,4,6,275,1.03,211
2025-12-29T23:42:45.488Z,m,0.9,3.76,4,6,275,1.03,211
2025-12-29T23:42:46.132Z,m,1,3.76,4,6,263,0.99,211
2025-12-29T23:42:46.132Z,m,1,3.76,4,6,263,0.99,211
2025-12-29T23:42:46.776Z,m,1.1,3.76,4,6,288,1.08,211
2025-12-29T23:42:46.777Z,m,1.1,3.76,4,6,288,1.08,211
2025-12-29T23:42:47.420Z,m,0.1,3.76,4,6,292,1.1,211
2025-12-29T23:42:47.421Z,m,0.1,3.76,4,6,292,1.1,211
2025-12-29T23:42:48.064Z,m,0.12,3.76,4,6,299,1.12,211
2025-12-29T23:42:48.064Z,m,0.12,3.76,4,6,299,1.12,211
2025-12-29T23:42:48.709Z,m,0.68,3.76,4,6,250,0.94,211
2025-12-29T23:42:48.709Z,m,0.68,3.76,4,6,250,0.94,211
2025-12-29T23:42:49.352Z,m,0.68,3.76,4,6,258,0.97,211
2025-12-29T23:42:49.352Z,m,0.68,3.76,4,6,258,0.97,211
2025-12-29T23:42:49.996Z,m,0.71,3.76,4,6,263,0.99,211
2025-12-29T23:42:49.997Z,m,0.71,3.76,4,6,263,0.99,211
2025-12-29T23:42:50.641Z,m,0.71,3.76,4,6,296,1.11,211
2025-12-29T23:42:50.641Z,m,0.71,3.76,4,6,296,1.11,211
2025-12-29T23:42:51.285Z,m,0.73,3.76,4,6,293,1.1,211
2025-12-29T23:42:51.284Z,m,0.73,3.76,4,6,293,1.1,211
2025-12-29T23:42:51.929Z,m,0.76,3.76,4,6,266,1,211
2025-12-29T23:42:51.929Z,m,0.76,3.76,4,6,266,1,211
2025-12-29T23:42:52.573Z,m,0.78,3.76,4,6,291,1.09,211
2025-12-29T23:42:52.573Z,m,0.78,3.76,4,6,291,1.09,211
2025-12-29T23:42:53.217Z,m,0.83,3.76,4,6,269,1.01,211
2025-12-29T23:42:53.217Z,m,0.83,3.76,4,6,269,1.01,211
2025-12-29T23:42:53.860Z,m,0.9,3.76,4,6,275,1.03,211
2025-12-29T23:42:53.861Z,m,0.9,3.76,4,6,275,1.03,211
2025-12-31T10:47:19.058Z,,,,,,,,
2025-12-31T10:47:19.063Z,a,0.66,4.28,0,0,83,0.36,143
2025-12-31T10:47:19.064Z,a,0.93,4.53,0,0,116,0.53,182
2025-12-31T10:47:19.065Z,a,0.93,4.1,0,0,288,1.18,115
2025-12-31T10:47:19.064Z,a,0.98,4.18,0,0,280,1.17,126
2025-12-31T10:47:19.065Z,a,0.95,4.08,0,0,281,1.15,112
2025-12-31T10:47:19.065Z,a,0.95,4.24,0,0,88,0.37,135
2025-12-31T10:47:19.065Z,a,0.93,4.96,0,0,95,0.47,248
2025-12-31T10:47:19.067Z,a,0.95,4.2,0,0,132,0.55,129
2025-12-31T10:47:19.068Z,a,0.95,4.08,0,0,258,1.05,112
2025-12-31T10:47:19.068Z,a,0.93,4.9,0,0,90,0.44,239
2025-12-31T10:47:19.069Z,a,0.95,4.23,0,0,134,0.57,135
2025-12-31T10:47:19.062Z,,,,,,,,
2025-12-31T10:47:19.069Z,a,0.93,4.27,0,0,126,0.54,141
2025-12-31T10:47:19.069Z,a,0.93,4.42,0,0,139,0.61,165
2025-12-31T10:47:19.069Z,a,0.93,4.16,0,0,297,1.24,124
2025-12-31T10:47:19.070Z,a,0.93,4.35,0,0,140,0.61,154
2025-12-31T10:47:19.070Z,a,0.93,4.92,0,0,113,0.56,242
2025-12-31T10:47:19.070Z,a,0.93,4.69,0,0,107,0.5,206
2025-12-31T10:47:19.070Z,a,0.93,4.43,0,0,132,0.58,165
2025-12-31T10:47:19.070Z,a,0.93,4.79,0,0,131,0.63,222
2025-12-31T10:47:19.070Z,a,0.9,4.34,0,0,136,0.59,152
2025-12-31T10:47:19.071Z,a,0.93,4.88,0,0,118,0.58,236
2025-12-31T10:47:19.071Z,a,0.93,4.22,0,0,94,0.4,132
2025-12-31T10:47:19.071Z,a,0.93,4.53,0,0,97,0.44,182
2025-12-31T10:47:19.071Z,a,0.93,4.48,0,0,105,0.47,174
2025-12-31T10:47:19.071Z,a,0.93,4.49,0,0,130,0.58,174
2025-12-31T10:47:19.069Z,a,0.93,4.61,0,0,132,0.61,194
2025-12-31T10:47:19.071Z,a,0.93,4.87,0,0,130,0.63,234
2025-12-31T10:47:19.072Z,a,0.93,4.63,0,0,123,0.57,197
2025-12-31T10:47:19.070Z,a,0.93,4.59,0,0,129,0.59,191
2025-12-31T10:47:19.072Z,a,0.93,4.64,0,0,84,0.39,199
2025-12-31T10:47:19.072Z,a,0.93,4.51,0,0,122,0.55,179
2025-12-31T10:47:19.072Z,a,0.93,4.48,0,0,123,0.55,174
2025-12-31T10:47:19.073Z,a,0.93,4.76,0,0,88,0.42,217
2025-12-31T10:47:19.073Z,a,0.93,4.48,0,0,122,0.55,174
2025-12-31T10:47:19.073Z,a,0.93,4.92,0,0,143,0.7,242
2025-12-31T10:47:19.073Z,a,0.93,4.93,0,0,89,0.44,242
2025-12-31T10:47:19.073Z,a,0.93,4.1,0,0,289,1.18,115
2025-12-31T10:47:19.073Z,a,0.93,4.43,0,0,148,0.66,165
2025-12-31T10:47:19.073Z,a,0.93,4.63,0,0,100,0.46,197
2025-12-31T10:47:19.074Z,a,0.9,4.28,0,0,81,0.35,143
2025-12-31T10:47:19.074Z,a,0.9,4.07,0,0,253,1.03,110
2025-12-31T10:47:19.074Z,a,0.9,4.39,0,0,86,0.38,160
2025-12-31T10:47:19.072Z,a,0.93,4.48,0,0,146,0.65,174
2025-12-31T10:47:19.074Z,a,0.9,4.62,0,0,81,0.37,196
2025-12-31T10:47:19.074Z,a,0.9,4.38,0,0,126,0.55,158
2025-12-31T10:47:19.074Z,a,0.9,4.95,0,0,135,0.67,245
2025-12-31T10:47:19.075Z,a,0.9,4.89,0,0,113,0.55,237
2025-12-31T10:47:19.075Z,a,0.9,4.45,0,0,124,0.55,168
2025-12-31T10:47:19.075Z,a,0.9,4.43,0,0,134,0.59,165
2025-12-31T10:47:19.075Z,a,0.9,4.95,0,0,84,0.42,245
2025-12-31T10:47:19.075Z,a,0.9,4.86,0,0,131,0.64,233
2025-12-31T10:47:19.075Z,a,0.9,4.87,0,0,128,0.62,234
2025-12-31T10:47:19.075Z,a,0.9,4.62,0,0,129,0.6,196
2025-12-31T10:47:19.076Z,a,0.9,4.06,0,0,255,1.04,109
2025-12-31T10:47:19.076Z,a,0.9,4.84,0,0,130,0.63,230
2025-12-31T10:47:19.076Z,a,0.9,4.57,0,0,137,0.63,188
2025-12-31T10:47:19.076Z,a,0.9,4.12,0,0,288,1.19,118
2025-12-31T10:47:19.076Z,a,0.88,4.73,0,0,125,0.59,213
2025-12-31T10:47:19.076Z,a,0.9,4.71,0,0,107,0.5,210
2025-12-31T10:47:19.076Z,a,0.9,4.76,0,0,127,0.6,217
2025-12-31T10:47:19.077Z,a,0.9,4.04,0,0,267,1.08,106
2025-12-31T10:47:19.077Z,a,0.88,4.57,0,0,116,0.53,188
2025-12-31T10:47:19.077Z,a,0.9,4.86,0,0,146,0.71,233
2025-12-31T10:47:19.077Z,a,0.9,4.25,0,0,94,0.4,138
2025-12-31T10:47:19.077Z,a,0.88,4.13,0,0,279,1.15,120
2025-12-31T10:47:19.074Z,a,0.9,4.63,0,0,92,0.43,197
2025-12-31T10:47:19.077Z,a,0.88,4.83,0,0,130,0.63,228
2025-12-31T10:47:19.078Z,a,0.88,4.18,0,0,275,1.15,126
2025-12-31T10:47:19.078Z,a,0.88,4.47,0,0,104,0.46,171
2025-12-31T10:47:19.078Z,a,0.88,4.09,0,0,263,1.08,113
2025-12-31T10:47:19.064Z,a,0.95,4.29,0,0,99,0.42,144
2025-12-31T10:47:19.079Z,a,0.88,4.39,0,0,89,0.39,160
2025-12-31T10:47:19.079Z,a,0.88,4.68,0,0,108,0.51,203
2025-12-31T10:47:19.079Z,a,0.88,4.61,0,0,138,0.64,194
2025-12-31T10:47:19.079Z,a,0.88,4.94,0,0,106,0.52,245
2025-12-31T10:47:19.080Z,a,0.88,4.57,0,0,125,0.57,188
2025-12-31T10:47:19.080Z,a,0.88,4.7,0,0,111,0.52,206
2025-12-31T10:47:19.080Z,a,0.88,4.84,0,0,86,0.42,230
2025-12-31T10:47:19.081Z,a,0.88,4.67,0,0,146,0.68,203
2025-12-31T10:47:19.081Z,a,0.88,4.06,0,0,263,1.07,109
2025-12-31T10:47:19.077Z,a,0.88,4.69,0,0,125,0.59,206
2025-12-31T10:47:19.081Z,a,0.88,4.17,0,0,255,1.06,126
2025-12-31T10:47:19.081Z,a,0.88,4.28,0,0,148,0.63,143
2025-12-31T10:47:19.081Z,a,0.88,4.36,0,0,109,0.48,155
2025-12-31T10:47:19.081Z,a,0.88,4.71,0,0,143,0.67,210
2025-12-31T10:47:19.081Z,a,0.88,4.89,0,0,83,0.41,237
2025-12-31T10:47:19.082Z,a,0.88,4.06,0,0,252,1.02,109
2025-12-31T10:47:19.082Z,a,0.88,4.58,0,0,129,0.59,189
2025-12-31T10:47:19.082Z,a,0.88,4.82,0,0,115,0.55,227
2025-12-31T10:47:19.082Z,a,0.88,4.73,0,0,95,0.45,213
2025-12-31T10:47:19.083Z,a,0.88,4.02,0,0,268,1.08,103
2025-12-31T10:47:19.082Z,a,0.86,4.28,0,0,139,0.59,143
2025-12-31T10:47:19.083Z,a,0.88,4.55,0,0,121,0.55,185
2025-12-31T10:47:19.083Z,a,0.88,4.86,0,0,124,0.6,233
2025-12-31T10:47:19.083Z,a,0.88,4.37,0,0,86,0.38,157
2025-12-31T10:47:19.083Z,a,0.88,4.85,0,0,130,0.63,231
2025-12-31T10:47:19.083Z,a,0.88,4.65,0,0,88,0.41,200
2025-12-31T10:47:19.084Z,a,0.88,4.53,0,0,109,0.49,182
2025-12-31T10:47:19.084Z,a,0.88,4.72,0,0,84,0.4,210
2025-12-31T10:47:19.084Z,a,0.88,4.42,0,0,101,0.45,165
2025-12-31T10:47:19.084Z,a,0.88,4.03,0,0,250,1.01,104
2025-12-31T10:47:19.079Z,a,0.88,4.58,0,0,92,0.42,189
2025-12-31T10:47:19.084Z,a,0.88,4.87,0,0,96,0.47,234
2025-12-31T10:47:19.084Z,a,0.88,4.49,0,0,123,0.55,174
2025-12-31T10:47:19.084Z,a,0.88,4.4,0,0,115,0.51,162
2025-12-31T10:47:19.084Z,a,0.9,4.11,0,0,250,1.03,117
2025-12-31T10:47:19.084Z,a,0.88,4.69,0,0,85,0.4,206
2025-12-31T10:47:19.085Z,a,0.88,4.97,0,0,139,0.69,248
2025-12-31T10:47:19.085Z,a,0.88,4,0,0,261,1.04,100
2025-12-31T10:47:19.085Z,a,0.88,4.16,0,0,250,1.04,124
2025-12-31T10:47:19.085Z,a,0.88,4.02,0,0,295,1.19,103
2025-12-31T10:47:19.084Z,a,0.88,4.19,0,0,263,1.1,129
2025-12-31T10:47:19.085Z,a,0.88,4.04,0,0,288,1.16,106
2025-12-31T10:47:19.085Z,a,0.88,4.27,0,0,100,0.43,141
2025-12-31T10:47:19.081Z,a,0.88,4.76,0,0,128,0.61,217
2025-12-31T10:47:19.085Z,a,0.86,4.28,0,0,106,0.45,143
2025-12-31T10:47:19.085Z,a,0.88,4.73,0,0,125,0.59,213
2025-12-31T10:47:19.086Z,a,0.88,4.07,0,0,294,1.2,110
2025-12-31T10:47:19.083Z,a,0.88,4.2,0,0,83,0.35,129
2025-12-31T10:47:19.086Z,a,0.88,4.71,0,0,99,0.47,210
2025-12-31T10:47:19.085Z,a,0.86,4.21,0,0,122,0.51,132
2025-12-31T10:47:19.086Z,a,0.88,4.35,0,0,120,0.52,154
2025-12-31T10:47:19.086Z,a,0.88,4.76,0,0,92,0.44,217
2025-12-31T10:47:19.087Z,a,0.88,4.87,0,0,131,0.64,234
2025-12-31T10:47:19.087Z,a,0.88,4.45,0,0,144,0.64,168
2025-12-31T10:47:19.087Z,a,0.88,4.83,0,0,142,0.69,228
2025-12-31T10:47:19.087Z,a,0.88,4.1,0,0,268,1.1,115
2025-12-31T10:47:19.087Z,a,0.88,4.71,0,0,123,0.58,210
2025-12-31T10:47:19.087Z,a,0.88,4.2,0,0,112,0.47,129
2025-12-31T10:47:19.087Z,a,0.88,4.12,0,0,265,1.09,118
2025-12-31T10:47:19.088Z,a,0.88,4.61,0,0,112,0.52,194
2025-12-31T10:47:19.088Z,a,0.88,4.2,0,0,104,0.44,129
2025-12-31T10:47:19.088Z,a,0.88,4.85,0,0,114,0.55,231
2025-12-31T10:47:19.088Z,a,0.88,4.54,0,0,97,0.44,183
2025-12-31T10:47:19.088Z,a,0.88,4.86,0,0,116,0.56,233
2025-12-31T10:47:19.088Z,a,0.88,4,0,0,280,1.12,100
2025-12-31T10:47:19.088Z,a,0.88,4.84,0,0,115,0.56,230
2025-12-31T10:47:19.089Z,a,0.88,4.78,0,0,97,0.46,220
2025-12-31T10:47:19.089Z,a,0.88,4.9,0,0,102,0.5,239
2025-12-31T10:47:19.089Z,a,0.88,4.38,0,0,121,0.53,158
2025-12-31T10:47:19.089Z,a,0.88,4.65,0,0,143,0.66,200
2025-12-31T10:47:19.089Z,a,0.86,4.58,0,0,125,0.57,189
2025-12-31T10:47:19.089Z,a,0.88,4.39,0,0,127,0.56,160
2025-12-31T10:47:19.089Z,a,0.88,4.12,0,0,266,1.1,118
2025-12-31T10:47:19.089Z,a,0.86,4.51,0,0,88,0.4,179
2025-12-31T10:47:19.089Z,a,0.88,4.9,0,0,104,0.51,239
2025-12-31T10:47:19.090Z,a,0.88,4.03,0,0,277,1.12,104
2025-12-31T10:47:19.090Z,a,0.88,4.95,0,0,120,0.59,245
2025-12-31T10:47:19.090Z,a,0.88,4.79,0,0,110,0.53,222
2025-12-31T10:47:19.090Z,a,0.86,4.01,0,0,269,1.08,101
2025-12-31T10:47:19.090Z,a,0.86,4.37,0,0,138,0.6,157
2025-12-31T10:47:19.086Z,a,0.88,4.19,0,0,285,1.19,129
2025-12-31T10:47:19.086Z,a,0.88,4.46,0,0,99,0.44,171
2025-12-31T10:47:19.091Z,a,0.88,4.32,0,0,108,0.47,149
2025-12-31T10:47:19.091Z,a,0.88,4.63,0,0,99,0.46,197
2025-12-31T10:47:19.091Z,a,0.88,4.12,0,0,253,1.04,118
2025-12-31T10:47:19.091Z,a,0.86,4.07,0,0,291,1.18,110
2025-12-31T10:47:19.091Z,a,0.88,4.03,0,0,289,1.16,104
2025-12-31T10:47:19.091Z,a,0.88,4.04,0,0,252,1.02,106
2025-12-31T10:47:19.091Z,a,0.86,4,0,0,297,1.19,100
2025-12-31T10:47:19.091Z,a,0.88,4.53,0,0,98,0.44,182
2025-12-31T10:47:19.091Z,a,0.88,4.14,0,0,272,1.13,121
2025-12-31T10:47:19.091Z,a,0.88,4.45,0,0,142,0.63,168
2025-12-31T10:47:19.091Z,a,0.88,4.9,0,0,148,0.73,239
2025-12-31T10:47:19.091Z,a,0.88,4.15,0,0,271,1.12,123
2025-12-31T10:47:19.091Z,a,0.88,4.64,0,0,91,0.42,199
2025-12-31T10:47:19.091Z,a,0.88,4.68,0,0,129,0.6,203
2025-12-31T10:47:19.092Z,a,0.88,4.96,0,0,149,0.74,248
2025-12-31T10:47:19.092Z,a,0.88,4.32,0,0,95,0.41,149
2025-12-31T10:47:19.092Z,a,0.88,4.88,0,0,107,0.52,236
2025-12-31T10:47:19.086Z,a,0.88,4.63,0,0,100,0.46,197
2025-12-31T10:47:19.091Z,a,0.88,4.67,0,0,95,0.44,203
2025-12-31T10:47:19.092Z,a,0.88,4.35,0,0,113,0.49,154
2025-12-31T10:47:19.092Z,a,0.88,4.73,0,0,119,0.56,213
2025-12-31T10:47:19.092Z,a,0.88,4.38,0,0,112,0.49,158
2025-12-31T10:47:19.092Z,a,0.88,4.63,0,0,107,0.5,197
2025-12-31T10:47:19.092Z,a,0.88,4.87,0,0,112,0.55,234
2025-12-31T10:47:19.092Z,a,0.88,4.08,0,0,284,1.16,112
2025-12-31T10:47:19.092Z,a,0.88,4.08,0,0,270,1.1,112
2025-12-31T10:47:19.092Z,a,0.86,4.81,0,0,95,0.46,225
2025-12-31T10:47:19.092Z,a,0.88,4.67,0,0,117,0.55,203
2025-12-31T10:47:19.092Z,a,0.88,4.74,0,0,85,0.4,213
2025-12-31T10:47:19.092Z,a,0.88,4.55,0,0,140,0.64,185
2025-12-31T10:47:19.093Z,a,0.88,4.22,0,0,146,0.62,132
2025-12-31T10:47:19.093Z,a,0.88,4.36,0,0,98,0.43,155
2025-12-31T10:47:19.093Z,a,0.88,4.76,0,0,128,0.61,217
2025-12-31T10:47:19.093Z,a,0.88,4.19,0,0,266,1.11,129
2025-12-31T10:47:19.093Z,a,0.88,4.77,0,0,112,0.53,219
2025-12-31T10:47:19.093Z,a,0.88,4.45,0,0,95,0.42,168
2025-12-31T10:47:19.093Z,a,0.88,4.4,0,0,117,0.51,162
2025-12-31T10:47:19.093Z,a,0.86,4.56,0,0,107,0.49,186
2025-12-31T10:47:19.093Z,a,0.88,4.7,0,0,144,0.68,206
2025-12-31T10:47:19.093Z,a,0.88,4.97,0,0,112,0.56,248
2025-12-31T10:47:19.093Z,a,0.88,4.46,0,0,130,0.58,171
2025-12-31T10:47:19.093Z,a,0.88,4.08,0,0,257,1.05,112
2025-12-31T10:47:19.093Z,a,0.88,4.81,0,0,147,0.71,225
2025-12-31T10:47:19.093Z,a,0.88,4.8,0,0,81,0.39,224
2025-12-31T10:47:19.094Z,a,0.88,4.82,0,0,91,0.44,227
2025-12-31T10:47:19.094Z,a,0.88,4.97,0,0,118,0.59,248
2025-12-31T10:47:19.094Z,a,0.88,4.96,0,0,139,0.69,248
2025-12-31T10:47:19.094Z,a,0.86,4.79,0,0,101,0.48,222
2025-12-31T10:47:19.094Z,a,0.88,4.76,0,0,149,0.71,217
2025-12-31T10:47:19.094Z,a,0.88,4.84,0,0,134,0.65,230
2025-12-31T10:47:19.094Z,a,0.88,4.06,0,0,277,1.12,109
2025-12-31T10:47:19.094Z,a,0.88,4.9,0,0,117,0.57,239
2025-12-31T10:47:19.094Z,a,0.88,4.35,0,0,144,0.63,154
2025-12-31T10:47:19.094Z,a,0.88,4.33,0,0,118,0.51,151
2025-12-31T10:47:19.094Z,a,0.88,4.64,0,0,136,0.63,199
2025-12-31T10:47:19.094Z,a,0.88,4.98,0,0,148,0.74,251
2025-12-31T10:47:19.094Z,a,0.88,4.11,0,0,275,1.13,117
2025-12-31T10:47:19.094Z,a,0.88,4.5,0,0,133,0.6,177
2025-12-31T10:47:19.095Z,a,0.88,4.43,0,0,147,0.65,165
2025-12-31T10:47:19.095Z,a,0.88,4.75,0,0,104,0.49,216
2025-12-31T10:47:19.095Z,a,0.88,4.21,0,0,140,0.59,132
2025-12-31T10:47:19.095Z,a,0.88,4.64,0,0,116,0.54,199
2025-12-31T10:47:19.095Z,a,0.88,4.76,0,0,106,0.5,217
2025-12-31T10:47:19.095Z,a,0.88,4.22,0,0,84,0.35,132
2025-12-31T10:47:19.095Z,a,0.88,4.23,0,0,144,0.61,135
2025-12-31T10:47:19.095Z,a,0.88,4.7,0,0,127,0.6,206
2025-12-31T10:47:19.095Z,a,0.88,4.62,0,0,111,0.51,196
2025-12-31T10:47:19.095Z,a,0.86,4.31,0,0,121,0.52,148
2025-12-31T10:47:19.095Z,a,0.88,4.46,0,0,102,0.45,171
2025-12-31T10:47:19.095Z,a,0.88,4.12,0,0,278,1.15,118
2025-12-31T10:47:19.096Z,a,0.88,4.44,0,0,92,0.41,168
2025-12-31T10:47:19.096Z,a,0.88,4.36,0,0,102,0.44,155
2025-12-31T10:47:19.096Z,a,0.88,4.28,0,0,132,0.56,143
2025-12-31T10:47:19.096Z,a,0.88,4.4,0,0,102,0.45,162
2025-12-31T10:47:19.096Z,a,0.88,4.19,0,0,280,1.17,129
2025-12-31T10:47:19.096Z,a,0.88,4.62,0,0,133,0.61,196
2025-12-31T10:47:19.096Z,a,0.88,4.79,0,0,119,0.57,222
2025-12-31T10:47:19.096Z,a,0.88,4.24,0,0,84,0.36,135
2025-12-31T10:47:19.096Z,a,0.88,4.11,0,0,289,1.19,117
2025-12-31T10:47:19.096Z,a,0.88,4.66,0,0,106,0.49,202
2025-12-31T10:47:19.096Z,a,0.88,4.45,0,0,127,0.57,168
2025-12-31T10:47:19.096Z,a,0.88,4.06,0,0,289,1.17,109
2025-12-31T10:47:19.097Z,a,0.88,4.05,0,0,266,1.08,107
2025-12-31T10:47:19.097Z,a,0.88,4.22,0,0,106,0.45,132
2025-12-31T10:47:19.097Z,a,0.88,4.97,0,0,88,0.44,248
2025-12-31T10:47:19.097Z,a,0.88,4.17,0,0,251,1.05,126
2025-12-31T10:47:19.097Z,a,0.88,4.62,0,0,115,0.53,196
2025-12-31T10:47:19.097Z,a,0.88,4.63,0,0,132,0.61,197
2025-12-31T10:47:19.097Z,a,0.88,4.93,0,0,139,0.69,242
2025-12-31T10:47:19.097Z,a,0.88,4.95,0,0,99,0.49,245
2025-12-31T10:47:19.097Z,a,0.88,4.92,0,0,115,0.57,242
2025-12-31T10:47:19.097Z,a,0.88,4.1,0,0,251,1.03,115
2025-12-31T10:47:19.097Z,a,0.88,4.18,0,0,257,1.07,126
2025-12-31T10:47:19.097Z,a,0.88,4.55,0,0,98,0.45,185
2025-12-31T10:47:19.097Z,a,0.88,4.55,0,0,120,0.55,185
2025-12-31T10:47:19.097Z,a,0.88,4.68,0,0,127,0.59,203
2025-12-31T10:47:19.097Z,a,0.88,4.06,0,0,284,1.15,109
2025-12-31T10:47:19.098Z,a,0.88,4.22,0,0,104,0.44,132
2025-12-31T10:47:19.098Z,a,0.86,4.22,0,0,83,0.35,132
2025-12-31T10:47:19.098Z,a,0.88,4.93,0,0,96,0.47,242
2025-12-31T10:47:19.098Z,a,0.86,4.99,0,0,114,0.57,251
2025-12-31T10:47:19.098Z,a,0.88,4.25,0,0,147,0.62,138
2025-12-31T10:47:19.098Z,a,0.86,4.16,0,0,289,1.2,124
2025-12-31T10:47:19.098Z,a,0.86,4.58,0,0,86,0.39,189
2025-12-31T10:47:19.098Z,a,0.88,4.82,0,0,85,0.41,227
2025-12-31T10:47:19.094Z,a,0.88,4.71,0,0,87,0.41,210
2025-12-31T10:47:19.098Z,a,0.88,4.7,0,0,101,0.47,206
2025-12-31T10:47:19.098Z,a,0.88,4.26,0,0,91,0.39,140
2025-12-31T10:47:19.098Z,a,0.86,4.22,0,0,134,0.57,132
2025-12-31T10:47:19.098Z,a,0.86,4.43,0,0,109,0.48,165
2025-12-31T10:47:19.099Z,a,0.88,4.98,0,0,112,0.56,251
2025-12-31T10:47:19.099Z,a,0.88,4.21,0,0,139,0.59,132
2025-12-31T10:47:19.099Z,a,0.88,4.53,0,0,131,0.59,182
2025-12-31T10:47:19.099Z,a,0.86,4.53,0,0,95,0.43,182
2025-12-31T10:47:19.099Z,a,0.86,4,0,0,286,1.14,100
2025-12-31T10:47:19.099Z,a,0.88,4.45,0,0,133,0.59,168
2025-12-31T10:47:19.099Z,a,0.88,4.79,0,0,82,0.39,222
2025-12-31T10:47:19.099Z,a,0.88,4.44,0,0,85,0.38,168
2025-12-31T10:47:19.100Z,a,0.88,4.92,0,0,147,0.72,242
2025-12-31T10:47:19.100Z,a,0.86,4.45,0,0,96,0.43,168
2025-12-31T10:47:19.100Z,a,0.86,4.3,0,0,122,0.52,146
2025-12-31T10:47:19.100Z,a,0.86,4.58,0,0,146,0.67,189
2025-12-31T10:47:19.100Z,a,0.86,4.56,0,0,124,0.57,186
2025-12-31T10:47:19.100Z,a,0.86,4.6,0,0,104,0.48,193
2025-12-31T10:47:19.100Z,a,0.88,4.02,0,0,283,1.14,103
2025-12-31T10:47:19.100Z,a,0.88,4.65,0,0,146,0.68,200
2025-12-31T10:47:19.100Z,a,0.88,4.15,0,0,267,1.11,123
2025-12-31T10:47:19.100Z,a,0.88,4.23,0,0,80,0.34,135
2025-12-31T10:47:19.100Z,a,0.86,4.15,0,0,280,1.16,123
2025-12-31T10:47:19.100Z,a,0.88,4.27,0,0,132,0.56,141
2025-12-31T10:47:19.100Z,a,0.86,4.94,0,0,134,0.66,245
2025-12-31T10:47:19.100Z,a,0.86,4.4,0,0,90,0.4,162
2025-12-31T10:47:19.101Z,a,0.86,4.84,0,0,93,0.45,230
2025-12-31T10:47:19.101Z,a,0.86,4.46,0,0,91,0.41,171
2025-12-31T10:47:19.101Z,a,0.86,4.57,0,0,86,0.39,188
2025-12-31T10:47:19.101Z,a,0.86,4,0,0,290,1.16,100
2025-12-31T10:47:19.101Z,a,0.88,4.77,0,0,90,0.43,219
2025-12-31T10:47:19.101Z,a,0.86,4.17,0,0,269,1.12,126
2025-12-31T10:47:19.102Z,a,0.86,4.12,0,0,256,1.05,118
2025-12-31T10:47:19.102Z,a,0.86,4.55,0,0,105,0.48,185
2025-12-31T10:47:19.102Z,a,0.86,4.44,0,0,112,0.5,168
2025-12-31T10:47:19.102Z,a,0.86,4.63,0,0,127,0.59,197
2025-12-31T10:47:19.102Z,a,0.86,4,0,0,288,1.15,100
2025-12-31T10:47:19.102Z,a,0.86,4.27,0,0,132,0.56,141
2025-12-31T10:47:19.102Z,a,0.86,4.77,0,0,106,0.51,219
2025-12-31T10:47:19.102Z,a,0.86,4.1,0,0,265,1.09,115
2025-12-31T10:47:19.102Z,a,0.86,4.7,0,0,137,0.64,206
2025-12-31T10:47:19.102Z,a,0.86,4.62,0,0,135,0.62,196
2025-12-31T10:47:19.102Z,a,0.86,4.86,0,0,127,0.62,233
2025-12-31T10:47:19.102Z,a,0.86,4.68,0,0,114,0.53,203
2025-12-31T10:47:19.102Z,a,0.86,4.5,0,0,143,0.64,177
2025-12-31T10:47:19.102Z,a,0.86,4.28,0,0,103,0.44,143
2025-12-31T10:47:19.102Z,a,0.86,4.64,0,0,142,0.66,199
2025-12-31T10:47:19.103Z,a,0.86,4.68,0,0,148,0.69,203
2025-12-31T10:47:19.103Z,a,0.86,4.77,0,0,135,0.64,219
2025-12-31T10:47:19.103Z,a,0.86,4.31,0,0,134,0.58,148
2025-12-31T10:47:19.103Z,a,0.86,4.15,0,0,279,1.16,123
2025-12-31T10:47:19.103Z,a,0.86,4.2,0,0,105,0.44,129
2025-12-31T10:47:19.103Z,a,0.86,4.9,0,0,140,0.69,239
2025-12-31T10:47:19.103Z,a,0.86,4.58,0,0,145,0.66,189
2025-12-31T10:47:19.103Z,a,0.86,4.46,0,0,122,0.54,171
2025-12-31T10:47:19.103Z,a,0.86,4.36,0,0,107,0.47,155
2025-12-31T10:47:19.104Z,a,0.86,4.5,0,0,139,0.63,177
2025-12-31T10:47:19.104Z,a,0.86,4.62,0,0,109,0.5,196
2025-12-31T10:47:19.104Z,a,0.86,4.03,0,0,282,1.14,104
2025-12-31T10:47:19.104Z,a,0.86,4.02,0,0,273,1.1,103
2025-12-31T10:47:19.092Z,a,0.88,4.81,0,0,108,0.52,225
2025-12-31T10:47:19.101Z,a,0.86,4.68,0,0,90,0.42,203
2025-12-31T10:47:19.104Z,a,0.86,4.84,0,0,148,0.72,230
2025-12-31T10:47:19.104Z,a,0.86,4.6,0,0,133,0.61,193
2025-12-31T10:47:19.104Z,a,0.86,4.13,0,0,251,1.04,120
2025-12-31T10:47:19.104Z,a,0.86,4.45,0,0,97,0.43,168
2025-12-31T10:47:19.104Z,a,0.83,4,0,0,290,1.16,100
2025-12-31T10:47:19.104Z,a,0.86,4.05,0,0,284,1.15,107
2025-12-31T10:47:19.105Z,a,0.86,4.33,0,0,113,0.49,151
2025-12-31T10:47:19.092Z,a,0.88,4.2,0,0,89,0.37,129
2025-12-31T10:47:19.105Z,a,0.86,4,0,0,250,1,100
2025-12-31T10:47:19.105Z,a,0.86,4.34,0,0,112,0.49,152
2025-12-31T10:47:19.105Z,a,0.86,4.34,0,0,100,0.43,152
2025-12-31T10:47:19.105Z,a,0.86,4.16,0,0,286,1.19,124
2025-12-31T10:47:19.105Z,a,0.86,4.28,0,0,99,0.42,143
2025-12-31T10:47:19.105Z,a,0.86,4.11,0,0,252,1.04,117
2025-12-31T10:47:19.105Z,a,0.86,4.14,0,0,266,1.1,121
2025-12-31T10:47:19.105Z,a,0.86,4.78,0,0,109,0.52,220
2025-12-31T10:47:19.105Z,a,0.86,4.04,0,0,251,1.01,106
2025-12-31T10:47:19.106Z,a,0.86,4.99,0,0,121,0.6,251
2025-12-31T10:47:19.106Z,a,0.86,4.9,0,0,108,0.53,239
2025-12-31T10:47:19.106Z,a,0.86,4.73,0,0,100,0.47,213
2025-12-31T10:47:19.106Z,a,0.86,4.15,0,0,280,1.16,123
2025-12-31T10:47:19.106Z,a,0.86,4.8,0,0,101,0.48,224
2025-12-31T10:47:19.106Z,a,0.86,4.73,0,0,127,0.6,213
2025-12-31T10:47:19.106Z,a,0.83,4.72,0,0,90,0.42,210
2025-12-31T10:47:19.106Z,a,0.86,4.71,0,0,101,0.48,210
2025-12-31T10:47:19.106Z,a,0.86,4.64,0,0,92,0.43,199
2025-12-31T10:47:19.106Z,a,0.86,4.01,0,0,290,1.16,101
2025-12-31T10:47:19.106Z,a,0.86,4.13,0,0,283,1.17,120
2025-12-31T10:47:19.104Z,a,0.86,4.89,0,0,83,0.41,237
2025-12-31T10:47:19.107Z,a,0.86,4.43,0,0,138,0.61,165
2025-12-31T10:47:19.107Z,a,0.86,4.81,0,0,110,0.53,225
2025-12-31T10:47:19.107Z,a,0.86,4.06,0,0,261,1.06,109
2025-12-31T10:47:19.107Z,a,0.86,4.67,0,0,142,0.66,203
2025-12-31T10:47:19.108Z,a,0.86,4.85,0,0,136,0.66,231
2025-12-31T10:47:19.108Z,a,0.86,4.22,0,0,106,0.45,132
2025-12-31T10:47:19.108Z,a,0.86,4.4,0,0,107,0.47,162
2025-12-31T10:47:19.108Z,a,0.83,4.13,0,0,277,1.14,120
2025-12-31T10:47:19.109Z,a,0.86,4.96,0,0,96,0.48,248
2025-12-31T10:47:19.109Z,a,0.86,4.83,0,0,115,0.56,228
2025-12-31T10:47:19.109Z,a,0.83,4.37,0,0,117,0.51,157
2025-12-31T10:47:19.109Z,a,0.86,4.75,0,0,84,0.4,216
2025-12-31T10:47:19.109Z,a,0.83,4.29,0,0,99,0.42,144
2025-12-31T10:47:19.109Z,a,0.86,4.14,0,0,284,1.18,121
2025-12-31T10:47:19.109Z,a,0.86,4.64,0,0,103,0.48,199
2025-12-31T10:47:19.110Z,a,0.86,4.09,0,0,269,1.1,113
2025-12-31T10:47:19.110Z,a,0.83,4.89,0,0,129,0.63,237
2025-12-31T10:47:19.109Z,a,0.83,4.29,0,0,135,0.58,144
2025-12-31T10:47:19.107Z,a,0.83,4.3,0,0,81,0.35,146
2025-12-31T10:47:19.110Z,a,0.86,4.75,0,0,101,0.48,216
2025-12-31T10:47:19.110Z,a,0.83,4.58,0,0,133,0.61,189
2025-12-31T10:47:19.111Z,a,0.83,4.35,0,0,139,0.6,154
2025-12-31T10:47:19.111Z,a,0.83,4.64,0,0,136,0.63,199
2025-12-31T10:47:19.111Z,a,0.83,4.17,0,0,260,1.08,126
2025-12-31T10:47:19.111Z,a,0.86,4.15,0,0,269,1.12,123
2025-12-31T10:47:19.111Z,a,0.86,4,0,0,297,1.19,100
2025-12-31T10:47:19.111Z,a,0.86,4.06,0,0,285,1.16,109
2025-12-31T10:47:19.111Z,a,0.86,4.38,0,0,87,0.38,158
2025-12-31T10:47:19.112Z,a,0.86,4.24,0,0,104,0.44,135
2025-12-31T10:47:19.112Z,a,0.83,4.12,0,0,276,1.14,118
2025-12-31T10:47:19.112Z,a,0.83,4.9,0,0,100,0.49,239
2025-12-31T10:47:19.112Z,a,0.83,4.18,0,0,280,1.17,126
2025-12-31T10:47:19.112Z,a,0.86,4.82,0,0,140,0.67,227
2025-12-31T10:47:19.112Z,a,0.86,4.56,0,0,86,0.39,186
2025-12-31T10:47:19.112Z,a,0.86,4.35,0,0,93,0.4,154
2025-12-31T10:47:19.112Z,a,0.83,4.98,0,0,126,0.63,251
2025-12-31T10:47:19.112Z,a,0.83,4.22,0,0,81,0.34,132
2025-12-31T10:47:19.112Z,a,0.83,4.43,0,0,130,0.58,165
2025-12-31T10:47:19.112Z,a,0.86,4.89,0,0,100,0.49,237
2025-12-31T10:47:19.112Z,a,0.86,4.77,0,0,107,0.51,219
2025-12-31T10:47:19.112Z,a,0.86,4.26,0,0,129,0.55,140
2025-12-31T10:47:19.113Z,a,0.83,4.84,0,0,98,0.47,230
2025-12-31T10:47:19.113Z,a,0.86,4.49,0,0,85,0.38,174
2025-12-31T10:47:19.113Z,a,0.83,4.09,0,0,298,1.22,113
2025-12-31T10:47:19.113Z,a,0.83,4.19,0,0,256,1.07,129
2025-12-31T10:47:19.113Z,a,0.83,4.99,0,0,89,0.44,251
2025-12-31T10:47:19.113Z,a,0.83,4.94,0,0,81,0.4,245
2025-12-31T10:47:19.113Z,a,0.86,4.98,0,0,111,0.55,251
2025-12-31T10:47:19.113Z,a,0.83,4.44,0,0,148,0.66,168
2025-12-31T10:47:19.113Z,a,0.86,4.33,0,0,114,0.49,151
2025-12-31T10:47:19.113Z,a,0.83,4.92,0,0,100,0.49,242
2025-12-31T10:47:19.113Z,a,0.83,4.02,0,0,254,1.02,103
2025-12-31T10:47:19.113Z,a,0.86,4.79,0,0,117,0.56,222
2025-12-31T10:47:19.114Z,a,0.83,4.87,0,0,98,0.48,234
2025-12-31T10:47:19.114Z,a,0.86,4.71,0,0,81,0.38,210
2025-12-31T10:47:19.114Z,a,0.83,4.62,0,0,127,0.59,196
2025-12-31T10:47:19.114Z,a,0.83,4.77,0,0,146,0.7,219
2025-12-31T10:47:19.114Z,a,0.86,4.59,0,0,124,0.57,191
2025-12-31T10:47:19.114Z,a,0.86,4.59,0,0,117,0.54,191
2025-12-31T10:47:19.114Z,a,0.86,4.57,0,0,91,0.42,188
2025-12-31T10:47:19.115Z,a,0.86,4.44,0,0,110,0.49,168
2025-12-31T10:47:19.115Z,a,0.86,4.01,0,0,253,1.01,101
2025-12-31T10:47:19.115Z,a,0.83,4.47,0,0,119,0.53,171
2025-12-31T10:47:19.115Z,a,0.83,4.02,0,0,285,1.15,103
2025-12-31T10:47:19.110Z,a,0.86,4.4,0,0,88,0.39,162
2025-12-31T10:47:19.115Z,a,0.86,4.43,0,0,101,0.45,165
2025-12-31T10:47:19.115Z,a,0.83,4.14,0,0,276,1.14,121
2025-12-31T10:47:19.115Z,a,0.86,4.64,0,0,139,0.64,199
2025-12-31T10:47:19.115Z,a,0.83,4.37,0,0,93,0.41,157
2025-12-31T10:47:19.115Z,a,0.86,4.41,0,0,130,0.57,163
2025-12-31T10:47:19.105Z,a,0.86,4.27,0,0,115,0.49,141
2025-12-31T10:47:19.116Z,a,0.86,4.75,0,0,99,0.47,216
2025-12-31T10:47:19.116Z,a,0.86,4.8,0,0,88,0.42,224
2025-12-31T10:47:19.116Z,a,0.86,4.09,0,0,285,1.17,113
2025-12-31T10:47:19.117Z,a,0.86,4.62,0,0,106,0.49,196
2025-12-31T10:47:19.116Z,a,0.83,4.11,0,0,286,1.18,117
2025-12-31T10:47:19.116Z,a,0.83,4.59,0,0,131,0.6,191
2025-12-31T10:47:19.116Z,a,0.86,4.94,0,0,108,0.53,245
2025-12-31T10:47:19.117Z,a,0.86,4.45,0,0,101,0.45,168
2025-12-31T10:47:19.117Z,a,0.83,4.05,0,0,297,1.2,107
2025-12-31T10:47:19.117Z,a,0.83,4.57,0,0,116,0.53,188
2025-12-31T10:47:19.117Z,a,0.86,4.36,0,0,118,0.51,155
2025-12-31T10:47:19.117Z,a,0.83,4.37,0,0,122,0.53,157
2025-12-31T10:47:19.118Z,a,0.83,4.59,0,0,143,0.66,191
2025-12-31T10:47:19.117Z,a,0.83,4.23,0,0,91,0.38,135
2025-12-31T10:47:19.118Z,a,0.86,4.39,0,0,133,0.58,160
2025-12-31T10:47:19.118Z,a,0.86,4.39,0,0,145,0.64,160
2025-12-31T10:47:19.117Z,a,0.86,4.95,0,0,94,0.47,245
2025-12-31T10:47:19.118Z,a,0.83,4.08,0,0,266,1.09,112
2025-12-31T10:47:19.118Z,a,0.86,4.62,0,0,95,0.44,196
2025-12-31T10:47:19.118Z,a,0.86,4.99,0,0,142,0.71,251
2025-12-31T10:47:19.118Z,a,0.83,4.36,0,0,140,0.61,155
2025-12-31T10:47:19.118Z,a,0.83,4.78,0,0,111,0.53,220
2025-12-31T10:47:19.118Z,a,0.86,4.77,0,0,145,0.69,219
2025-12-31T10:47:19.118Z,a,0.86,4.38,0,0,131,0.57,158
2025-12-31T10:47:19.119Z,a,0.83,4.3,0,0,144,0.62,146
2025-12-31T10:47:19.119Z,a,0.83,4.8,0,0,126,0.6,224
2025-12-31T10:47:19.119Z,a,0.86,4.9,0,0,84,0.41,239
2025-12-31T10:47:19.119Z,a,0.83,4.66,0,0,109,0.51,202
2025-12-31T10:47:19.119Z,a,0.83,4.98,0,0,142,0.71,251
2025-12-31T10:47:19.119Z,a,0.86,4.04,0,0,274,1.11,106
2025-12-31T10:47:19.119Z,a,0.83,4.87,0,0,133,0.65,234
2025-12-31T10:47:19.119Z,a,0.83,4.43,0,0,121,0.54,165
2025-12-31T10:47:19.119Z,a,0.83,4.01,0,0,289,1.16,101
2025-12-31T10:47:19.119Z,a,0.83,4.24,0,0,91,0.39,135
2025-12-31T10:47:19.119Z,a,0.86,4.04,0,0,252,1.02,106
2025-12-31T10:47:19.119Z,a,0.83,4.16,0,0,253,1.05,124
2025-12-31T10:47:19.120Z,a,0.83,4.01,0,0,286,1.15,101
2025-12-31T10:47:19.120Z,a,0.86,4.54,0,0,147,0.67,183
2025-12-31T10:47:19.120Z,a,0.83,4.18,0,0,269,1.12,126
2025-12-31T10:47:19.120Z,a,0.83,4.61,0,0,80,0.37,194
2025-12-31T10:47:19.120Z,a,0.83,4.03,0,0,297,1.2,104
2025-12-31T10:47:19.120Z,a,0.83,4.86,0,0,97,0.47,233
2025-12-31T10:47:19.120Z,a,0.83,4.82,0,0,87,0.42,227
2025-12-31T10:47:19.120Z,a,0.83,4.76,0,0,126,0.6,217
2025-12-31T10:47:19.120Z,a,0.83,4.71,0,0,86,0.41,210
2025-12-31T10:47:19.120Z,a,0.83,4.49,0,0,91,0.41,174
2025-12-31T10:47:19.120Z,a,0.86,4.79,0,0,146,0.7,222
2025-12-31T10:47:19.121Z,a,0.83,4.85,0,0,104,0.5,231
2025-12-31T10:47:19.121Z,a,0.83,4.52,0,0,146,0.66,180
2025-12-31T10:47:19.121Z,a,0.83,4.31,0,0,109,0.47,148
2025-12-31T10:47:19.121Z,a,0.83,4.39,0,0,112,0.49,160
2025-12-31T10:47:19.121Z,a,0.83,4.51,0,0,89,0.4,179
2025-12-31T10:47:19.121Z,a,0.83,4.72,0,0,136,0.64,210
2025-12-31T10:47:19.121Z,a,0.83,4.86,0,0,95,0.46,233
2025-12-31T10:47:19.121Z,a,0.83,4.63,0,0,143,0.66,197
2025-12-31T10:47:19.121Z,a,0.83,4.67,0,0,109,0.51,203
2025-12-31T10:47:19.121Z,a,0.83,4.83,0,0,142,0.69,228
2025-12-31T10:47:19.121Z,a,0.83,4.87,0,0,107,0.52,234
2025-12-31T10:47:19.121Z,a,0.83,4.38,0,0,115,0.5,158
2025-12-31T10:47:19.122Z,a,0.83,4.72,0,0,106,0.5,210
2025-12-31T10:47:19.122Z,a,0.83,4.62,0,0,141,0.65,196
2025-12-31T10:47:19.122Z,a,0.83,4.96,0,0,103,0.51,248
2025-12-31T10:47:19.122Z,a,0.83,4.86,0,0,143,0.69,233
2025-12-31T10:47:19.122Z,a,0.83,4.16,0,0,272,1.13,124
2025-12-31T10:47:19.122Z,a,0.83,4.27,0,0,108,0.46,141
2025-12-31T10:47:19.122Z,a,0.83,4.17,0,0,292,1.22,126
2025-12-31T10:47:19.122Z,a,0.83,4.9,0,0,115,0.56,239
2025-12-31T10:47:19.122Z,a,0.83,4.62,0,0,132,0.61,196
2025-12-31T10:47:19.123Z,a,0.83,4.93,0,0,138,0.68,242
2025-12-31T10:47:19.123Z,a,0.83,4.8,0,0,124,0.6,224
2025-12-31T10:47:19.123Z,a,0.83,4.79,0,0,122,0.58,222
2025-12-31T10:47:19.123Z,a,0.83,4.65,0,0,133,0.62,200
2025-12-31T10:47:19.123Z,a,0.83,4.34,0,0,126,0.55,152
2025-12-31T10:47:19.123Z,a,0.83,4.36,0,0,147,0.64,155
2025-12-31T10:47:19.123Z,a,0.83,4.75,0,0,108,0.51,216
2025-12-31T10:47:19.124Z,a,0.83,4.92,0,0,110,0.54,242
2025-12-31T10:47:19.124Z,a,0.83,4.57,0,0,149,0.68,188
2025-12-31T10:47:19.124Z,a,0.83,4.42,0,0,145,0.64,165
2025-12-31T10:47:19.124Z,a,0.83,4.26,0,0,105,0.45,140
2025-12-31T10:47:19.124Z,a,0.83,4.57,0,0,133,0.61,188
2025-12-31T10:47:19.124Z,a,0.83,4.13,0,0,280,1.16,120
2025-12-31T10:47:19.124Z,a,0.83,4.75,0,0,137,0.65,216
2025-12-31T10:47:19.124Z,a,0.83,4.9,0,0,88,0.43,239
2025-12-31T10:47:19.124Z,a,0.83,4.15,0,0,258,1.07,123
2025-12-31T10:47:19.124Z,a,0.83,4.34,0,0,123,0.53,152
2025-12-31T10:47:19.124Z,a,0.83,4.32,0,0,99,0.43,149
2025-12-31T10:47:19.124Z,a,0.83,4.35,0,0,112,0.49,154
2025-12-31T10:47:19.117Z,a,0.86,4.31,0,0,92,0.4,148
2025-12-31T10:47:19.125Z,a,0.83,4.9,0,0,131,0.64,239
2025-12-31T10:47:19.124Z,a,0.83,4.06,0,0,251,1.02,109
2025-12-31T10:47:19.125Z,a,0.83,4.55,0,0,90,0.41,185
2025-12-31T10:47:19.125Z,a,0.83,4.78,0,0,89,0.43,220
2025-12-31T10:47:19.125Z,a,0.83,4.36,0,0,97,0.42,155
2025-12-31T10:47:19.125Z,a,0.83,4.11,0,0,280,1.15,117
2025-12-31T10:47:19.125Z,a,0.83,4.49,0,0,130,0.58,174
2025-12-31T10:47:19.125Z,a,0.83,4.02,0,0,282,1.13,103
2025-12-31T10:47:19.125Z,a,0.83,4.16,0,0,294,1.22,124
2025-12-31T10:47:19.125Z,a,0.83,4.52,0,0,81,0.37,180
2025-12-31T10:47:19.125Z,a,0.83,4.37,0,0,139,0.61,157
2025-12-31T10:47:19.125Z,a,0.83,4.78,0,0,98,0.47,220
2025-12-31T10:47:19.125Z,a,0.83,4.71,0,0,118,0.56,210
2025-12-31T10:47:19.125Z,a,0.83,4.29,0,0,138,0.59,144
2025-12-31T10:47:19.126Z,a,0.83,4.58,0,0,124,0.57,189
2025-12-31T10:47:19.126Z,a,0.83,4.72,0,0,84,0.4,210
2025-12-31T10:47:19.126Z,a,0.83,4.66,0,0,115,0.54,202
2025-12-31T10:47:19.125Z,a,0.83,4.74,0,0,148,0.7,213
2025-12-31T10:47:19.126Z,a,0.83,4.86,0,0,98,0.48,233
2025-12-31T10:47:19.126Z,a,0.83,4.49,0,0,87,0.39,174
2025-12-31T10:47:19.126Z,a,0.83,4.26,0,0,106,0.45,140
2025-12-31T10:47:19.126Z,a,0.83,4.35,0,0,101,0.44,154
2025-12-31T10:47:19.126Z,a,0.83,4.8,0,0,101,0.48,224
2025-12-31T10:47:19.126Z,a,0.83,4.22,0,0,133,0.56,132
2025-12-31T10:47:19.127Z,a,0.83,4.24,0,0,115,0.49,135
2025-12-31T10:47:19.127Z,a,0.83,4.83,0,0,146,0.71,228
2025-12-31T10:47:19.127Z,a,0.83,4.45,0,0,111,0.49,168
2025-12-31T10:47:19.127Z,a,0.83,4.81,0,0,137,0.66,225
2025-12-31T10:47:19.127Z,a,0.83,4.29,0,0,88,0.38,144
2025-12-31T10:47:19.127Z,a,0.83,4.94,0,0,136,0.67,245
2025-12-31T10:47:19.127Z,a,0.83,4.69,0,0,91,0.43,206
2025-12-31T10:47:19.127Z,a,0.83,4.61,0,0,110,0.51,194
2025-12-31T10:47:19.127Z,a,0.83,4.02,0,0,288,1.16,103
2025-12-31T10:47:19.127Z,a,0.83,4.06,0,0,281,1.14,109
2025-12-31T10:47:19.127Z,a,0.83,4.36,0,0,135,0.59,155
2025-12-31T10:47:19.127Z,a,0.83,4.92,0,0,86,0.42,242
2025-12-31T10:47:19.127Z,a,0.83,4.83,0,0,139,0.67,228
2025-12-31T10:47:19.127Z,a,0.83,4.2,0,0,117,0.49,129
2025-12-31T10:47:19.127Z,a,0.83,4.52,0,0,84,0.38,180
2025-12-31T10:47:19.126Z,a,0.83,4.75,0,0,135,0.64,216
2025-12-31T10:47:19.118Z,a,0.86,4.85,0,0,84,0.41,231
2025-12-31T10:47:19.128Z,a,0.83,4.24,0,0,97,0.41,135
2025-12-31T10:47:19.128Z,a,0.86,4.06,0,0,260,1.06,109
2025-12-31T10:47:19.127Z,a,0.83,4.81,0,0,106,0.51,225
2025-12-31T10:47:19.128Z,a,0.83,4.41,0,0,98,0.43,163
2025-12-31T10:47:19.128Z,a,0.83,4.85,0,0,99,0.48,231
2025-12-31T10:47:19.128Z,a,0.83,4.8,0,0,137,0.66,224
2025-12-31T10:47:19.128Z,a,0.83,4.34,0,0,114,0.49,152
2025-12-31T10:47:19.128Z,a,0.83,4.4,0,0,142,0.62,162
2025-12-31T10:47:19.128Z,a,0.83,4.82,0,0,113,0.54,227
2025-12-31T10:47:19.128Z,a,0.83,4.62,0,0,107,0.49,196
2025-12-31T10:47:19.128Z,a,0.83,4.69,0,0,137,0.64,206
2025-12-31T10:47:19.128Z,a,0.83,4.87,0,0,136,0.66,234
2025-12-31T10:47:19.128Z,a,0.83,4.15,0,0,296,1.23,123
2025-12-31T10:47:19.128Z,a,0.83,4.56,0,0,143,0.65,186
2025-12-31T10:47:19.129Z,a,0.86,4.55,0,0,96,0.44,185
2025-12-31T10:47:19.129Z,a,0.83,4.06,0,0,252,1.02,109
2025-12-31T10:47:19.129Z,a,0.83,4.83,0,0,98,0.47,228
2025-12-31T10:47:19.129Z,a,0.83,4.03,0,0,256,1.03,104
2025-12-31T10:47:19.129Z,a,0.83,4.16,0,0,289,1.2,124
2025-12-31T10:47:19.129Z,a,0.83,4.33,0,0,130,0.56,151
2025-12-31T10:47:19.129Z,a,0.83,4.09,0,0,265,1.08,113
2025-12-31T10:47:19.129Z,a,0.86,4.93,0,0,114,0.56,242
2025-12-31T10:47:19.129Z,a,0.83,4.06,0,0,263,1.07,109
2025-12-31T10:47:19.129Z,a,0.83,4.49,0,0,124,0.56,174
2025-12-31T10:47:19.130Z,a,0.83,4.74,0,0,85,0.4,213
2025-12-31T10:47:19.130Z,a,0.83,4.24,0,0,114,0.48,135
2025-12-31T10:47:19.130Z,a,0.83,4.78,0,0,101,0.48,220
2025-12-31T10:47:19.130Z,a,0.83,4.96,0,0,90,0.45,248
2025-12-31T10:47:19.130Z,a,0.83,4.97,0,0,134,0.67,248
2025-12-31T10:47:19.130Z,a,0.83,4.38,0,0,100,0.44,158
2025-12-31T10:47:19.130Z,a,0.83,4.51,0,0,110,0.5,179
2025-12-31T10:47:19.130Z,a,0.83,4.27,0,0,134,0.57,141
2025-12-31T10:47:19.130Z,a,0.83,4.05,0,0,259,1.05,107
2025-12-31T10:47:19.130Z,a,0.83,4.23,0,0,86,0.36,135
2025-12-31T10:47:19.131Z,a,0.83,4.13,0,0,298,1.23,120
2025-12-31T10:47:19.131Z,a,0.83,4.04,0,0,290,1.17,106
2025-12-31T10:47:19.130Z,a,0.83,4.36,0,0,147,0.64,155
2025-12-31T10:47:19.131Z,a,0.83,4.63,0,0,118,0.55,197
2025-12-31T10:47:19.130Z,a,0.83,4.32,0,0,114,0.49,149
2025-12-31T10:47:19.131Z,a,0.83,4.11,0,0,279,1.15,117
2025-12-31T10:47:19.131Z,a,0.83,4.57,0,0,128,0.58,188
2025-12-31T10:47:19.131Z,a,0.83,4.29,0,0,103,0.44,144
2025-12-31T10:47:19.131Z,a,0.83,4.32,0,0,113,0.49,149
2025-12-31T10:47:19.131Z,a,0.83,4.28,0,0,115,0.49,143
2025-12-31T10:47:19.131Z,a,0.83,4.6,0,0,105,0.48,193
2025-12-31T10:47:19.131Z,a,0.83,4.78,0,0,136,0.65,220
2025-12-31T10:47:19.131Z,a,0.83,4.49,0,0,145,0.65,174
2025-12-31T10:47:19.132Z,a,0.83,4.85,0,0,126,0.61,231
2025-12-31T10:47:19.132Z,a,0.83,4.64,0,0,112,0.52,199
2025-12-31T10:47:19.132Z,a,0.83,4.15,0,0,289,1.2,123
2025-12-31T10:47:19.132Z,a,0.83,4.13,0,0,254,1.05,120
2025-12-31T10:47:19.132Z,a,0.83,4.43,0,0,124,0.55,165
2025-12-31T10:47:19.132Z,a,0.83,4.83,0,0,104,0.5,228
2025-12-31T10:47:19.133Z,a,0.83,4.81,0,0,141,0.68,225
2025-12-31T10:47:19.133Z,a,0.83,4.44,0,0,114,0.51,168
2025-12-31T10:47:19.133Z,a,0.83,4.75,0,0,110,0.52,216
2025-12-31T10:47:19.133Z,a,0.83,4.41,0,0,86,0.38,163
2025-12-31T10:47:19.133Z,a,0.83,4.37,0,0,147,0.64,157
2025-12-31T10:47:19.133Z,a,0.83,4.63,0,0,131,0.61,197
2025-12-31T10:47:19.133Z,a,0.83,4.84,0,0,118,0.57,230
2025-12-31T10:47:19.133Z,a,0.83,4.84,0,0,125,0.61,230
2025-12-31T10:47:19.133Z,a,0.83,4.02,0,0,280,1.13,103
2025-12-31T10:47:19.133Z,a,0.83,4.86,0,0,95,0.46,233
2025-12-31T10:47:19.134Z,a,0.83,4.37,0,0,147,0.64,157
2025-12-31T10:47:19.134Z,a,0.83,4.8,0,0,89,0.43,224
2025-12-31T10:47:19.134Z,a,0.83,4.42,0,0,119,0.53,165
2025-12-31T10:47:19.134Z,a,0.83,4.22,0,0,147,0.62,132
2025-12-31T10:47:19.134Z,a,0.83,4.64,0,0,125,0.58,199
2025-12-31T10:47:19.134Z,a,0.83,4.39,0,0,138,0.61,160
2025-12-31T10:47:19.134Z,a,0.83,4.22,0,0,128,0.54,132
2025-12-31T10:47:19.134Z,a,0.83,4.04,0,0,271,1.09,106
2025-12-31T10:47:19.134Z,a,0.83,4.38,0,0,110,0.48,158
2025-12-31T10:47:19.134Z,a,0.83,4.95,0,0,119,0.59,245
2025-12-31T10:47:19.134Z,a,0.83,4.48,0,0,134,0.6,174
2025-12-31T10:47:19.135Z,a,0.83,4.06,0,0,260,1.06,109
2025-12-31T10:47:19.135Z,a,0.83,4.95,0,0,114,0.56,245
2025-12-31T10:47:19.135Z,a,0.83,4.59,0,0,148,0.68,191
2025-12-31T10:47:19.135Z,a,0.83,4.67,0,0,120,0.56,203
2025-12-31T10:47:19.135Z,a,0.83,4.51,0,0,124,0.56,179
2025-12-31T10:47:19.135Z,a,0.83,4.63,0,0,80,0.37,197
2025-12-31T10:47:19.135Z,a,0.83,4.7,0,0,136,0.64,206
2025-12-31T10:47:19.135Z,a,0.83,4.62,0,0,90,0.42,196
2025-12-31T10:47:19.135Z,a,0.83,4.47,0,0,135,0.6,171
2025-12-31T10:47:19.135Z,a,0.83,4.33,0,0,135,0.58,151
2025-12-31T10:47:19.136Z,a,0.83,4.95,0,0,137,0.68,245
2025-12-31T10:47:19.136Z,a,0.83,4.39,0,0,101,0.44,160
2025-12-31T10:47:19.136Z,a,0.83,4.84,0,0,134,0.65,230
2025-12-31T10:47:19.136Z,a,0.83,4.52,0,0,129,0.58,180
2025-12-31T10:47:19.136Z,a,0.83,4.2,0,0,98,0.41,129
2025-12-31T10:47:19.136Z,a,0.83,4.63,0,0,107,0.5,197
2025-12-31T10:47:19.136Z,a,0.83,4.38,0,0,146,0.64,158
2025-12-31T10:47:19.136Z,a,0.83,4.26,0,0,109,0.46,140
2025-12-31T10:47:19.136Z,a,0.83,4.27,0,0,96,0.41,141
2025-12-31T10:47:19.136Z,a,0.83,4.5,0,0,92,0.41,177
2025-12-31T10:47:19.136Z,a,0.83,4.42,0,0,81,0.36,165
2025-12-31T10:47:19.136Z,a,0.83,4.55,0,0,109,0.5,185
2025-12-31T10:47:19.127Z,a,0.83,4.86,0,0,109,0.53,233
2025-12-31T10:47:19.137Z,a,0.83,4.92,0,0,105,0.52,242
2025-12-31T10:47:19.137Z,a,0.83,4.25,0,0,111,0.47,138
2025-12-31T10:47:19.129Z,a,0.83,4.12,0,0,255,1.05,118
2025-12-31T10:47:19.137Z,a,0.83,4.05,0,0,251,1.02,107
2025-12-31T10:47:19.137Z,a,0.83,4.3,0,0,124,0.53,146
2025-12-31T10:47:19.137Z,a,0.83,4.92,0,0,142,0.7,242
2025-12-31T10:47:19.138Z,a,0.83,4.83,0,0,109,0.53,228
2025-12-31T10:47:19.138Z,a,0.81,4.97,0,0,130,0.65,248
2025-12-31T10:47:19.138Z,a,0.83,4.66,0,0,106,0.49,202
2025-12-31T10:47:19.138Z,a,0.83,4.26,0,0,147,0.63,140
2025-12-31T10:47:19.138Z,a,0.83,4.88,0,0,83,0.41,236
2025-12-31T10:47:19.138Z,a,0.83,4.38,0,0,148,0.65,158
2025-12-31T10:47:19.135Z,a,0.83,4.31,0,0,103,0.44,148
2025-12-31T10:47:19.138Z,a,0.83,4.39,0,0,110,0.48,160
2025-12-31T10:47:19.138Z,a,0.83,4.68,0,0,148,0.69,203
2025-12-31T10:47:19.138Z,a,0.83,4.58,0,0,139,0.64,189
2025-12-31T10:47:19.138Z,a,0.83,4.28,0,0,127,0.54,143
2025-12-31T10:47:19.138Z,a,0.81,4.77,0,0,104,0.5,219
2025-12-31T10:47:19.138Z,a,0.83,4.42,0,0,102,0.45,165
2025-12-31T10:47:19.137Z,a,0.83,4.41,0,0,126,0.56,163
2025-12-31T10:47:19.139Z,a,0.83,4.28,0,0,106,0.45,143
2025-12-31T10:47:19.139Z,a,0.83,4.29,0,0,116,0.5,144
2025-12-31T10:47:19.139Z,a,0.83,4.49,0,0,124,0.56,174
2025-12-31T10:47:19.139Z,a,0.83,4.9,0,0,126,0.62,239
2025-12-31T10:47:19.139Z,a,0.83,4.13,0,0,264,1.09,120
2025-12-31T10:47:19.139Z,a,0.83,4.89,0,0,140,0.68,237
2025-12-31T10:47:19.139Z,a,0.83,4.04,0,0,276,1.12,106
2025-12-31T10:47:19.139Z,a,0.83,4.95,0,0,126,0.62,245
2025-12-31T10:47:19.139Z,a,0.83,4.45,0,0,142,0.63,168
2025-12-31T10:47:19.139Z,a,0.83,4.28,0,0,116,0.5,143
2025-12-31T10:47:19.139Z,a,0.83,4.29,0,0,133,0.57,144
2025-12-31T10:47:19.139Z,a,0.83,4.82,0,0,136,0.66,227
2025-12-31T10:47:19.139Z,a,0.83,4.17,0,0,283,1.18,126
2025-12-31T10:47:19.139Z,a,0.83,4.49,0,0,108,0.48,174
2025-12-31T10:47:19.139Z,a,0.83,4.24,0,0,133,0.56,135
2025-12-31T10:47:19.140Z,a,0.83,4.41,0,0,81,0.36,163
2025-12-31T10:47:19.140Z,a,0.83,4,0,0,286,1.14,100
2025-12-31T10:47:19.140Z,a,0.83,4,0,0,293,1.17,100
2025-12-31T10:47:19.140Z,a,0.83,4.61,0,0,127,0.59,194
2025-12-31T10:47:19.140Z,a,0.83,4.48,0,0,114,0.51,174
2025-12-31T10:47:19.138Z,a,0.83,4.52,0,0,104,0.47,180
2025-12-31T10:47:19.140Z,a,0.83,4.35,0,0,97,0.42,154
2025-12-31T10:47:19.140Z,a,0.83,4.25,0,0,104,0.44,138
2025-12-31T10:47:19.140Z,a,0.83,4.43,0,0,114,0.51,165
2025-12-31T10:47:19.140Z,a,0.83,4.17,0,0,269,1.12,126
2025-12-31T10:47:19.140Z,a,0.83,4.45,0,0,95,0.42,168
2025-12-31T10:47:19.140Z,a,0.81,4.88,0,0,102,0.5,236
2025-12-31T10:47:19.140Z,a,0.83,4.71,0,0,94,0.44,210
2025-12-31T10:47:19.140Z,a,0.83,4.02,0,0,258,1.04,103
2025-12-31T10:47:19.140Z,a,0.83,4.67,0,0,81,0.38,203
2025-12-31T10:47:19.141Z,a,0.83,4.51,0,0,121,0.55,179
2025-12-31T10:47:19.141Z,a,0.83,4.73,0,0,136,0.64,213
2025-12-31T10:47:19.141Z,a,0.83,4.69,0,0,133,0.62,206
2025-12-31T10:47:19.141Z,a,0.83,4.99,0,0,104,0.52,251
2025-12-31T10:47:19.141Z,a,0.83,4.27,0,0,120,0.51,141
2025-12-31T10:47:19.141Z,a,0.83,4.04,0,0,274,1.11,106
2025-12-31T10:47:19.141Z,a,0.83,4.87,0,0,82,0.4,234
2025-12-31T10:47:19.141Z,a,0.83,4.39,0,0,109,0.48,160
2025-12-31T10:47:19.141Z,a,0.83,4.61,0,0,91,0.42,194
2025-12-31T10:47:19.141Z,a,0.83,4.94,0,0,93,0.46,245
2025-12-31T10:47:19.141Z,a,0.83,4.57,0,0,104,0.48,188
2025-12-31T10:47:19.141Z,a,0.83,4.52,0,0,99,0.45,180
2025-12-31T10:47:19.141Z,a,0.83,4.17,0,0,255,1.06,126
2025-12-31T10:47:19.141Z,a,0.81,4.46,0,0,147,0.66,171
2025-12-31T10:47:19.142Z,a,0.86,4.05,0,0,286,1.16,107
2025-12-31T10:47:19.142Z,a,0.83,4.32,0,0,123,0.53,149
2025-12-31T10:47:19.142Z,a,0.83,4,0,0,266,1.06,100
2025-12-31T10:47:19.142Z,a,0.83,4.58,0,0,136,0.62,189
2025-12-31T10:47:19.142Z,a,0.83,4.52,0,0,113,0.51,180
2025-12-31T10:47:19.142Z,a,0.83,4.47,0,0,146,0.65,171
2025-12-31T10:47:19.142Z,a,0.83,4.38,0,0,135,0.59,158
2025-12-31T10:47:19.142Z,a,0.83,4.05,0,0,296,1.2,107
2025-12-31T10:47:19.142Z,a,0.83,4.41,0,0,94,0.41,163
2025-12-31T10:47:19.142Z,a,0.83,4.87,0,0,121,0.59,234
2025-12-31T10:47:19.143Z,a,0.83,4.73,0,0,135,0.64,213
2025-12-31T10:47:19.143Z,a,0.83,4.4,0,0,122,0.54,162
2025-12-31T10:47:19.143Z,a,0.83,4.29,0,0,140,0.6,144
2025-12-31T10:47:19.143Z,a,0.83,4.27,0,0,98,0.42,141
2025-12-31T10:47:19.143Z,a,0.83,4.45,0,0,134,0.6,168
2025-12-31T10:47:19.143Z,a,0.83,4.31,0,0,147,0.63,148
2025-12-31T10:47:19.143Z,a,0.83,4.85,0,0,80,0.39,231
2025-12-31T10:47:19.143Z,a,0.83,4.99,0,0,135,0.67,251
2025-12-31T10:47:19.144Z,a,0.83,4.99,0,0,117,0.58,251
2025-12-31T10:47:19.144Z,a,0.83,4.05,0,0,297,1.2,107
2025-12-31T10:47:19.144Z,a,0.83,4.62,0,0,84,0.39,196
2025-12-31T10:47:19.144Z,a,0.83,4.76,0,0,138,0.66,217
2025-12-31T10:47:19.146Z,a,0.83,4.63,0,0,91,0.42,197
2025-12-31T10:47:19.140Z,a,0.83,4.51,0,0,81,0.37,179
2025-12-31T10:47:19.141Z,a,0.83,4.91,0,0,109,0.54,241
2025-12-31T10:47:19.138Z,a,0.83,4.69,0,0,130,0.61,206
2025-12-31T10:51:51.160Z,a,3.74,4.94,0,0,148,0.73,245
2025-12-31T10:51:51.162Z,a,3.74,4.86,0,0,137,0.67,233
2025-12-31T10:51:51.162Z,a,3.76,4.56,0,0,96,0.44,186
2025-12-31T10:51:51.162Z,a,3.76,4.19,0,0,273,1.14,129
2025-12-31T10:51:51.162Z,a,3.74,4.58,0,0,122,0.56,189
2025-12-31T10:51:51.162Z,a,3.79,4.69,0,0,92,0.43,206
2025-12-31T10:51:51.162Z,a,3.76,4.25,0,0,129,0.55,138
2025-12-31T10:51:51.162Z,a,3.76,4.1,0,0,296,1.21,115
2025-12-31T10:51:51.163Z,a,3.76,4.24,0,0,102,0.43,135
2025-12-31T10:51:51.163Z,a,3.79,4.29,0,0,90,0.39,144
2025-12-31T10:51:51.163Z,a,3.76,4.35,0,0,137,0.6,154
2025-12-31T10:51:51.163Z,a,3.76,4.91,0,0,102,0.5,241
2025-12-31T10:51:51.163Z,a,3.76,4.19,0,0,273,1.14,129
2025-12-31T10:51:51.164Z,a,3.76,4.59,0,0,99,0.45,191
2025-12-31T10:51:51.163Z,a,3.76,4.02,0,0,279,1.12,103
2025-12-31T10:51:51.163Z,a,3.76,4.82,0,0,99,0.48,227
2025-12-31T10:51:51.164Z,a,3.76,4.19,0,0,275,1.15,129
2025-12-31T11:28:29.699Z,a,0.39,4.28,0,0,147,0.63,143
2025-12-31T11:28:29.704Z,a,0.39,4.19,0,0,288,1.21,129
2025-12-31T11:28:29.705Z,a,1.56,4.16,0,0,263,1.09,124
2025-12-31T11:28:29.705Z,a,1.44,4.89,0,0,111,0.54,237
2025-12-31T11:28:29.705Z,a,0.93,4.47,0,0,136,0.61,171
2025-12-31T11:28:29.704Z,a,1.64,4.03,0,0,285,1.15,104
2025-12-31T11:28:29.705Z,a,0.54,4.27,0,0,148,0.63,141
2025-12-31T11:28:29.705Z,a,0.27,4.04,0,0,287,1.16,106
2025-12-31T11:28:29.705Z,a,0.49,4.11,0,0,294,1.21,117
2025-12-31T11:28:29.705Z,a,0.98,4.09,0,0,266,1.09,113
2025-12-31T11:28:30.260Z,a,0,4.92,0,0,139,0.68,242
2025-12-31T11:28:30.262Z,a,0,4.92,0,0,139,0.68,242
2025-12-31T11:28:30.885Z,a,1.03,4.79,0,0,93,0.45,222
2025-12-31T11:28:30.886Z,a,1.03,4.79,0,0,93,0.45,222
2025-12-31T11:28:31.532Z,a,1.15,4.9,0,0,124,0.61,239
2025-12-31T11:28:31.533Z,a,1.15,4.9,0,0,124,0.61,239
2025-12-31T11:28:32.172Z,a,1.05,4.26,0,0,91,0.39,140
2025-12-31T11:28:32.171Z,a,1.05,4.26,0,0,91,0.39,140
2025-12-31T11:28:32.819Z,a,1.3,4.81,0,0,120,0.58,225
2025-12-31T11:28:32.820Z,a,1.3,4.81,0,0,120,0.58,225
2025-12-31T11:28:33.463Z,a,0.9,4.75,0,0,116,0.55,216
2025-12-31T11:28:33.464Z,a,0.9,4.75,0,0,116,0.55,216
2025-12-31T11:28:34.102Z,a,0.93,4.61,0,0,94,0.43,194
2025-12-31T11:28:34.103Z,a,0.93,4.61,0,0,94,0.43,194
2025-12-31T11:28:34.750Z,a,1.03,4.04,0,0,256,1.03,106
2025-12-31T11:28:34.751Z,a,1.03,4.04,0,0,256,1.03,106
2025-12-31T11:28:35.395Z,a,0.39,4.62,0,0,106,0.49,196
2025-12-31T11:28:35.396Z,a,0.39,4.62,0,0,106,0.49,196
2025-12-31T11:28:36.039Z,a,0.2,4.6,0,0,105,0.48,193
2025-12-31T11:28:36.039Z,a,0.2,4.6,0,0,105,0.48,193
2025-12-31T11:28:36.683Z,a,0.02,4.91,0,0,109,0.54,241
2025-12-31T11:28:36.684Z,a,0.02,4.91,0,0,109,0.54,241
2025-12-31T11:28:37.327Z,a,3.37,4.85,0,0,117,0.57,231
2025-12-31T11:28:37.328Z,a,3.37,4.85,0,0,117,0.57,231
2025-12-31T11:28:37.972Z,a,3.37,4.62,0,0,106,0.49,196
2025-12-31T11:28:37.973Z,a,3.37,4.62,0,0,106,0.49,196
2025-12-31T11:28:38.616Z,a,3.49,4.13,0,0,289,1.19,120
2025-12-31T11:28:38.617Z,a,3.49,4.13,0,0,289,1.19,120
2025-12-31T11:28:39.255Z,a,3.64,4.92,0,0,91,0.45,242
2025-12-31T11:28:39.255Z,a,3.64,4.92,0,0,91,0.45,242
2025-12-31T11:28:39.904Z,a,3.25,4.58,0,0,148,0.68,189
2025-12-31T11:28:39.903Z,a,3.25,4.58,0,0,148,0.68,189
2025-12-31T11:28:40.547Z,a,0.93,4.95,0,0,125,0.62,245
2025-12-31T11:28:40.548Z,a,0.93,4.95,0,0,125,0.62,245
2025-12-31T11:28:41.191Z,a,3.23,4.58,0,0,103,0.47,189
2025-12-31T11:28:41.192Z,a,3.23,4.58,0,0,103,0.47,189
2025-12-31T11:28:41.836Z,a,2.54,4.98,0,0,107,0.53,251
2025-12-31T11:28:41.838Z,a,2.54,4.98,0,0,107,0.53,251
2025-12-31T11:28:42.480Z,a,3.23,4.29,0,0,125,0.54,144
2025-12-31T11:28:42.480Z,a,3.23,4.29,0,0,125,0.54,144
2025-12-31T11:28:43.124Z,a,4.06,4.29,0,0,142,0.61,144
2025-12-31T11:28:43.124Z,a,4.06,4.29,0,0,142,0.61,144
2025-12-31T11:28:43.763Z,a,3.96,4.45,0,0,95,0.42,168
2025-12-31T11:28:43.764Z,a,3.96,4.45,0,0,95,0.42,168
2025-12-31T11:28:44.412Z,a,3.74,4.08,0,0,254,1.04,112
2025-12-31T11:28:44.411Z,a,3.74,4.08,0,0,254,1.04,112
2025-12-31T11:28:45.056Z,a,3.74,4.61,0,0,126,0.58,194
2025-12-31T11:28:45.056Z,a,3.74,4.61,0,0,126,0.58,194
2025-12-31T11:28:45.700Z,a,3.37,4.58,0,0,141,0.65,189
2025-12-31T11:28:45.700Z,a,3.37,4.58,0,0,141,0.65,189
2025-12-31T11:28:46.344Z,a,3.35,4.95,0,0,141,0.7,245
2025-12-31T11:28:46.345Z,a,3.35,4.95,0,0,141,0.7,245
2025-12-31T11:28:46.983Z,a,3.23,4.94,0,0,99,0.49,245
2025-12-31T11:28:46.984Z,a,3.23,4.94,0,0,99,0.49,245
2025-12-31T11:28:47.631Z,a,3.23,4.5,0,0,100,0.45,177
2025-12-31T11:28:47.632Z,a,3.23,4.5,0,0,100,0.45,177
2025-12-31T11:28:48.276Z,a,2.54,4.18,0,0,299,1.25,126
2025-12-31T11:28:48.277Z,a,2.54,4.18,0,0,299,1.25,126
2025-12-31T11:28:48.923Z,a,2.93,4.1,0,0,257,1.05,115
2025-12-31T11:28:48.922Z,a,2.93,4.1,0,0,257,1.05,115
2025-12-31T11:28:49.564Z,a,4.06,4.67,0,0,126,0.59,203
2025-12-31T11:28:49.565Z,a,4.06,4.67,0,0,126,0.59,203
2025-12-31T11:28:50.208Z,a,3.59,4.78,0,0,109,0.52,220
2025-12-31T11:28:50.209Z,a,3.59,4.78,0,0,109,0.52,220
2025-12-31T11:28:50.852Z,a,3.4,4.84,0,0,147,0.71,230
2025-12-31T11:28:50.853Z,a,3.4,4.84,0,0,147,0.71,230
2025-12-31T11:28:51.497Z,a,3.27,4.93,0,0,135,0.67,242
2025-12-31T11:28:51.498Z,a,3.27,4.93,0,0,135,0.67,242
2025-12-31T11:28:52.142Z,a,3.23,4.47,0,0,125,0.56,171
2025-12-31T11:28:52.142Z,a,3.23,4.47,0,0,125,0.56,171
2025-12-31T11:28:52.781Z,a,0.95,4.33,0,0,93,0.4,151
2025-12-31T11:28:52.782Z,a,0.95,4.33,0,0,93,0.4,151
2025-12-31T11:28:53.423Z,a,0.2,4.94,0,0,89,0.44,245
2025-12-31T11:28:53.424Z,a,0.2,4.94,0,0,89,0.44,245
2025-12-31T11:28:54.067Z,a,0.83,4.45,0,0,86,0.38,168
2025-12-31T11:28:54.068Z,a,0.83,4.45,0,0,86,0.38,168
2025-12-31T11:28:54.714Z,a,0.24,4.98,0,0,107,0.53,251
2025-12-31T11:28:54.715Z,a,0.24,4.98,0,0,107,0.53,251
2025-12-31T11:28:55.359Z,a,0.83,4.53,0,0,119,0.54,182
2025-12-31T11:28:55.360Z,a,0.83,4.53,0,0,119,0.54,182
2025-12-31T11:28:56.003Z,a,1.44,4.85,0,0,100,0.48,231
2025-12-31T11:28:56.004Z,a,1.44,4.85,0,0,100,0.48,231
2025-12-31T11:28:56.648Z,a,0.98,4.43,0,0,114,0.51,165
2025-12-31T11:28:56.649Z,a,0.98,4.43,0,0,114,0.51,165
2025-12-31T11:28:57.291Z,a,1.22,4.43,0,0,111,0.49,165
2025-12-31T11:28:57.292Z,a,1.22,4.43,0,0,111,0.49,165
2025-12-31T11:28:57.937Z,a,1.1,4.4,0,0,120,0.53,162
2025-12-31T11:28:57.937Z,a,1.1,4.4,0,0,120,0.53,162
2025-12-31T11:28:58.580Z,a,1.03,4,0,0,278,1.11,100
2025-12-31T11:28:58.580Z,a,1.03,4,0,0,278,1.11,100
2025-12-31T11:28:59.219Z,a,0.44,4.63,0,0,93,0.43,197
2025-12-31T11:28:59.220Z,a,0.44,4.63,0,0,93,0.43,197
2025-12-31T11:28:59.862Z,a,0.88,4.4,0,0,85,0.37,162
2025-12-31T11:28:59.863Z,a,0.88,4.4,0,0,85,0.37,162
2025-12-31T11:29:00.510Z,a,0.22,4.91,0,0,101,0.5,241
2025-12-31T11:29:00.511Z,a,0.22,4.91,0,0,101,0.5,241
2025-12-31T11:29:01.154Z,a,0.78,4.68,0,0,109,0.51,203
2025-12-31T11:29:01.155Z,a,0.78,4.68,0,0,109,0.51,203
2025-12-31T11:29:01.799Z,a,1.34,4.63,0,0,132,0.61,197
2025-12-31T11:29:01.800Z,a,1.34,4.63,0,0,132,0.61,197
2025-12-31T11:29:02.438Z,a,1.22,4.46,0,0,88,0.39,171
2025-12-31T11:29:02.438Z,a,1.22,4.46,0,0,88,0.39,171
2025-12-31T11:29:03.088Z,a,1.25,4.64,0,0,105,0.49,199
2025-12-31T11:29:03.088Z,a,1.25,4.64,0,0,105,0.49,199
2025-12-31T11:29:03.730Z,a,1.03,4.88,0,0,124,0.61,236
2025-12-31T11:29:03.731Z,a,1.03,4.88,0,0,124,0.61,236
2025-12-31T11:29:04.374Z,a,0.88,4.53,0,0,110,0.5,182
2025-12-31T11:29:04.375Z,a,0.88,4.53,0,0,110,0.5,182
2025-12-31T11:29:05.019Z,a,0.95,4.95,0,0,138,0.68,245
2025-12-31T11:29:05.019Z,a,0.95,4.95,0,0,138,0.68,245
2025-12-31T11:29:05.663Z,a,0.83,4.96,0,0,126,0.62,248
2025-12-31T11:29:05.663Z,a,0.83,4.96,0,0,126,0.62,248
2025-12-31T11:29:06.307Z,a,0.83,4.04,0,0,252,1.02,106
2025-12-31T11:29:06.307Z,a,0.83,4.04,0,0,252,1.02,106
2025-12-31T11:29:06.953Z,a,0.66,4.27,0,0,110,0.47,141
2025-12-31T11:29:06.953Z,a,0.66,4.27,0,0,110,0.47,141
2025-12-31T11:29:07.596Z,a,0.29,4.39,0,0,108,0.47,160
2025-12-31T11:29:07.596Z,a,0.29,4.39,0,0,108,0.47,160
2025-12-31T11:29:08.234Z,a,1.52,4.48,0,0,96,0.43,174
2025-12-31T11:29:08.235Z,a,1.52,4.48,0,0,96,0.43,174
2025-12-31T11:29:08.878Z,a,1.32,4.97,0,0,90,0.45,248
2025-12-31T11:29:08.878Z,a,1.32,4.97,0,0,90,0.45,248
2025-12-31T11:29:09.526Z,a,0.88,4.9,0,0,104,0.51,239
2025-12-31T11:29:09.527Z,a,0.88,4.9,0,0,104,0.51,239
2025-12-31T11:29:10.170Z,a,0.88,4.1,0,0,279,1.14,115
2025-12-31T11:29:10.170Z,a,0.88,4.1,0,0,279,1.14,115
2025-12-31T11:29:10.814Z,a,0.22,4.64,0,0,113,0.52,199
2025-12-31T11:29:10.815Z,a,0.22,4.64,0,0,113,0.52,199
2025-12-31T11:29:11.459Z,a,0.9,4.65,0,0,141,0.66,200
2025-12-31T11:29:11.459Z,a,0.9,4.65,0,0,141,0.66,200
2025-12-31T11:29:12.103Z,a,0.88,4.95,0,0,142,0.7,245
2025-12-31T11:29:12.103Z,a,0.88,4.95,0,0,142,0.7,245
2025-12-31T11:29:12.747Z,a,0.83,4.32,0,0,105,0.45,149
2025-12-31T11:29:12.747Z,a,0.83,4.32,0,0,105,0.45,149
2025-12-31T11:29:13.391Z,a,0.39,4.22,0,0,135,0.57,132
2025-12-31T11:29:13.391Z,a,0.39,4.22,0,0,135,0.57,132
2025-12-31T11:29:14.035Z,a,1.61,4.69,0,0,145,0.68,206
2025-12-31T11:29:14.036Z,a,1.61,4.69,0,0,145,0.68,206
2025-12-31T11:29:14.680Z,a,1.15,4.81,0,0,141,0.68,225
2025-12-31T11:29:14.680Z,a,1.15,4.81,0,0,141,0.68,225
2025-12-31T11:29:15.324Z,a,0.95,4.79,0,0,105,0.5,222
2025-12-31T11:29:15.324Z,a,0.95,4.79,0,0,105,0.5,222
2025-12-31T11:29:15.968Z,a,1,4.67,0,0,110,0.51,203
2025-12-31T11:29:15.969Z,a,1,4.67,0,0,110,0.51,203
2025-12-31T11:29:16.612Z,a,1,4.8,0,0,126,0.6,224
2025-12-31T11:29:16.613Z,a,1,4.8,0,0,126,0.6,224
2025-12-31T11:29:17.251Z,a,0.86,4.47,0,0,99,0.44,171
2025-12-31T11:29:17.252Z,a,0.86,4.47,0,0,99,0.44,171
2025-12-31T11:29:17.894Z,a,0.17,4.32,0,0,98,0.42,149
2025-12-31T11:29:17.895Z,a,0.17,4.32,0,0,98,0.42,149
2025-12-31T11:29:18.543Z,a,0.22,4.6,0,0,116,0.53,193
2025-12-31T11:29:18.543Z,a,0.22,4.6,0,0,116,0.53,193
2025-12-31T11:29:19.187Z,a,0.2,4.36,0,0,140,0.61,155
2025-12-31T11:29:19.188Z,a,0.2,4.36,0,0,140,0.61,155
2025-12-31T11:29:19.831Z,a,0.22,4.17,0,0,255,1.06,126
2025-12-31T11:29:19.832Z,a,0.22,4.17,0,0,255,1.06,126
2025-12-31T11:29:20.475Z,a,1.59,4.88,0,0,135,0.66,236
2025-12-31T11:29:20.476Z,a,1.59,4.88,0,0,135,0.66,236
2025-12-31T11:29:21.119Z,a,0.95,4.54,0,0,145,0.66,183
2025-12-31T11:29:21.120Z,a,0.95,4.54,0,0,145,0.66,183
2025-12-31T11:29:21.764Z,a,1.1,4.43,0,0,103,0.46,165
2025-12-31T11:29:21.764Z,a,1.1,4.43,0,0,103,0.46,165
2025-12-31T11:29:22.408Z,a,1.1,4.04,0,0,282,1.14,106
2025-12-31T11:29:22.409Z,a,1.1,4.04,0,0,282,1.14,106
2025-12-31T11:29:23.052Z,a,0.27,4.53,0,0,113,0.51,182
2025-12-31T11:29:23.053Z,a,0.27,4.53,0,0,113,0.51,182
2025-12-31T11:29:23.693Z,a,0.93,4.72,0,0,81,0.38,210
2025-12-31T11:29:23.693Z,a,0.93,4.72,0,0,81,0.38,210
2025-12-31T11:29:24.334Z,a,0.86,4.25,0,0,95,0.4,138
2025-12-31T11:29:24.335Z,a,0.86,4.25,0,0,95,0.4,138
2025-12-31T11:29:24.982Z,a,0.39,4.99,0,0,121,0.6,251
2025-12-31T11:29:24.983Z,a,0.39,4.99,0,0,121,0.6,251
2025-12-31T11:29:25.627Z,a,0.81,4.08,0,0,266,1.09,112
2025-12-31T11:29:25.628Z,a,0.81,4.08,0,0,266,1.09,112
2025-12-31T11:29:26.272Z,a,4.06,4.1,0,0,269,1.1,115
2025-12-31T11:29:26.272Z,a,4.06,4.1,0,0,269,1.1,115
2025-12-31T11:29:26.911Z,a,3.96,4.52,0,0,99,0.45,180
2025-12-31T11:29:26.911Z,a,3.96,4.52,0,0,99,0.45,180
2025-12-31T11:29:27.558Z,a,3.62,4.22,0,0,105,0.44,132
2025-12-31T11:29:27.559Z,a,3.62,4.22,0,0,105,0.44,132
2025-12-31T11:29:28.203Z,a,3.67,4.63,0,0,143,0.66,197
2025-12-31T11:29:28.204Z,a,3.67,4.63,0,0,143,0.66,197
2025-12-31T11:29:28.847Z,a,3.35,4.05,0,0,299,1.21,107
2025-12-31T11:29:28.847Z,a,3.35,4.05,0,0,299,1.21,107
2025-12-31T11:29:29.492Z,a,2.64,4.16,0,0,279,1.16,124
2025-12-31T11:29:29.491Z,a,2.64,4.16,0,0,279,1.16,124
2025-12-31T11:29:30.136Z,a,2.64,4.73,0,0,137,0.65,213
2025-12-31T11:29:30.137Z,a,2.64,4.73,0,0,137,0.65,213
2025-12-31T11:29:30.780Z,a,0.86,4.08,0,0,250,1.02,112
2025-12-31T11:29:30.780Z,a,0.86,4.08,0,0,250,1.02,112
2025-12-31T11:29:31.424Z,a,0.64,4,0,0,267,1.07,100
2025-12-31T11:29:31.425Z,a,0.64,4,0,0,267,1.07,100
2025-12-31T11:29:32.068Z,a,1.61,4.98,0,0,121,0.6,251
2025-12-31T11:29:32.069Z,a,1.61,4.98,0,0,121,0.6,251
2025-12-31T11:29:32.713Z,a,3.23,4.77,0,0,117,0.56,219
2025-12-31T11:29:32.714Z,a,3.23,4.77,0,0,117,0.56,219
2025-12-31T11:29:33.357Z,a,3.42,4.83,0,0,114,0.55,228
2025-12-31T11:29:33.357Z,a,3.42,4.83,0,0,114,0.55,228
2025-12-31T11:29:33.996Z,a,3.3,4.43,0,0,81,0.36,165
2025-12-31T11:29:33.997Z,a,3.3,4.43,0,0,81,0.36,165
2025-12-31T11:29:34.644Z,a,3.49,4.07,0,0,287,1.17,110
2025-12-31T11:29:34.645Z,a,3.49,4.07,0,0,287,1.17,110
2025-12-31T11:29:35.289Z,a,2.57,4.94,0,0,123,0.61,245
2025-12-31T11:29:35.289Z,a,2.57,4.94,0,0,123,0.61,245
2025-12-31T11:29:35.933Z,a,3.2,4.9,0,0,105,0.51,239
2025-12-31T11:29:35.933Z,a,3.2,4.9,0,0,105,0.51,239
2025-12-31T11:29:36.577Z,a,3.2,4.32,0,0,145,0.63,149
2025-12-31T11:29:36.578Z,a,3.2,4.32,0,0,145,0.63,149
2025-12-31T11:29:37.216Z,a,2.66,4.5,0,0,86,0.39,177
2025-12-31T11:29:37.217Z,a,2.66,4.5,0,0,86,0.39,177
2025-12-31T11:29:37.866Z,a,2.54,4.53,0,0,115,0.52,182
2025-12-31T11:29:37.866Z,a,2.54,4.53,0,0,115,0.52,182
2025-12-31T11:29:38.504Z,a,3.93,4.87,0,0,80,0.39,234
2025-12-31T11:29:38.505Z,a,3.93,4.87,0,0,80,0.39,234
2025-12-31T11:29:39.148Z,a,3.37,4.8,0,0,92,0.44,224
2025-12-31T11:29:39.149Z,a,3.37,4.8,0,0,92,0.44,224
2025-12-31T11:29:39.795Z,a,3.37,4.99,0,0,138,0.69,251
2025-12-31T11:29:39.796Z,a,3.37,4.99,0,0,138,0.69,251
2025-12-31T11:29:40.439Z,a,3.2,4.19,0,0,288,1.21,129
2025-12-31T11:29:40.439Z,a,3.2,4.19,0,0,288,1.21,129
2025-12-31T11:29:41.078Z,a,3.57,4.98,0,0,94,0.47,251
2025-12-31T11:29:41.079Z,a,3.57,4.98,0,0,94,0.47,251
2025-12-31T11:29:41.721Z,a,3.2,4.34,0,0,84,0.36,152
2025-12-31T11:29:41.722Z,a,3.2,4.34,0,0,84,0.36,152
2025-12-31T11:29:42.369Z,a,2.54,4.24,0,0,106,0.45,135
2025-12-31T11:29:42.370Z,a,2.54,4.24,0,0,106,0.45,135
2025-12-31T11:29:43.014Z,a,2.61,4.95,0,0,102,0.5,245
2025-12-31T11:29:43.015Z,a,2.61,4.95,0,0,102,0.5,245
2025-12-31T11:29:43.658Z,a,3.2,4.32,0,0,117,0.51,149
2025-12-31T11:29:43.658Z,a,3.2,4.32,0,0,117,0.51,149
2025-12-31T11:29:44.297Z,a,2.74,4.53,0,0,85,0.39,182
2025-12-31T11:29:44.298Z,a,2.74,4.53,0,0,85,0.39,182
2025-12-31T11:29:44.945Z,a,3.91,4.05,0,0,250,1.01,107
2025-12-31T11:29:44.946Z,a,3.91,4.05,0,0,250,1.01,107
2025-12-31T11:29:45.590Z,a,3.98,4.42,0,0,127,0.56,165
2025-12-31T11:29:45.590Z,a,3.98,4.42,0,0,127,0.56,165
2025-12-31T11:29:46.230Z,a,3.67,4.72,0,0,86,0.41,210
2025-12-31T11:29:46.231Z,a,3.67,4.72,0,0,86,0.41,210
2025-12-31T11:29:46.877Z,a,3.35,4.94,0,0,127,0.63,245
2025-12-31T11:29:46.878Z,a,3.35,4.94,0,0,127,0.63,245
2025-12-31T11:29:47.521Z,a,3.23,4.04,0,0,274,1.11,106
2025-12-31T11:29:47.522Z,a,3.23,4.04,0,0,274,1.11,106
2025-12-31T11:29:48.165Z,a,2.64,4.95,0,0,125,0.62,245
2025-12-31T11:29:48.167Z,a,2.64,4.95,0,0,125,0.62,245
2025-12-31T11:29:48.804Z,a,3.2,4.3,0,0,99,0.43,146
2025-12-31T11:29:48.805Z,a,3.2,4.3,0,0,99,0.43,146
2025-12-31T11:29:49.453Z,a,2.59,4.54,0,0,101,0.46,183
2025-12-31T11:29:49.453Z,a,2.59,4.54,0,0,101,0.46,183
2025-12-31T11:29:50.099Z,a,2.54,4.17,0,0,299,1.25,126
2025-12-31T11:29:50.098Z,a,2.54,4.17,0,0,299,1.25,126
2025-12-31T11:29:50.741Z,a,2.76,4.8,0,0,129,0.62,224
2025-12-31T11:29:50.742Z,a,2.76,4.8,0,0,129,0.62,224
2025-12-31T11:29:51.387Z,a,3.49,4.14,0,0,298,1.23,121
2025-12-31T11:29:51.387Z,a,3.49,4.14,0,0,298,1.23,121
2025-12-31T11:29:52.024Z,a,3.91,4.44,0,0,86,0.38,168
2025-12-31T11:29:52.025Z,a,3.91,4.44,0,0,86,0.38,168
2025-12-31T11:29:52.673Z,a,3.59,4.58,0,0,117,0.54,189
2025-12-31T11:29:52.673Z,a,3.59,4.58,0,0,117,0.54,189
2025-12-31T11:29:53.317Z,a,3.42,4.62,0,0,106,0.49,196
2025-12-31T11:29:53.318Z,a,3.42,4.62,0,0,106,0.49,196
2025-12-31T11:29:53.956Z,a,3.32,4.42,0,0,97,0.43,165
2025-12-31T11:29:53.956Z,a,3.32,4.42,0,0,97,0.43,165
2025-12-31T11:29:54.604Z,a,3.35,4.77,0,0,130,0.62,219
2025-12-31T11:29:54.605Z,a,3.35,4.77,0,0,130,0.62,219
2025-12-31T11:29:55.243Z,a,3.23,4.42,0,0,87,0.38,165
2025-12-31T11:29:55.244Z,a,3.23,4.42,0,0,87,0.38,165
2025-12-31T11:29:55.892Z,a,2.54,4.33,0,0,144,0.62,151
2025-12-31T11:29:55.892Z,a,2.54,4.33,0,0,144,0.62,151
2025-12-31T11:29:56.536Z,a,2.74,4.37,0,0,137,0.6,157
2025-12-31T11:29:56.538Z,a,2.74,4.37,0,0,137,0.6,157
2025-12-31T11:29:57.175Z,a,4.03,4.4,0,0,91,0.4,162
2025-12-31T11:29:57.175Z,a,4.03,4.4,0,0,91,0.4,162
2025-12-31T11:29:57.818Z,a,3.93,4.51,0,0,96,0.43,179
2025-12-31T11:29:57.819Z,a,3.93,4.51,0,0,96,0.43,179
2025-12-31T11:29:58.468Z,a,3.69,4.15,0,0,280,1.16,123
2025-12-31T11:29:58.468Z,a,3.69,4.15,0,0,280,1.16,123
2025-12-31T11:29:59.110Z,a,3.74,4.62,0,0,142,0.66,196
2025-12-31T11:29:59.111Z,a,3.74,4.62,0,0,142,0.66,196
2025-12-31T11:29:59.750Z,a,3.37,4.38,0,0,98,0.43,158
2025-12-31T11:29:59.750Z,a,3.37,4.38,0,0,98,0.43,158
2025-12-31T11:30:00.399Z,a,3.42,4.34,0,0,121,0.53,152
2025-12-31T11:30:00.398Z,a,3.42,4.34,0,0,121,0.53,152
2025-12-31T11:30:01.042Z,a,3.37,4.15,0,0,276,1.15,123
2025-12-31T11:30:01.043Z,a,3.37,4.15,0,0,276,1.15,123
2025-12-31T11:30:01.686Z,a,2.69,4.75,0,0,119,0.57,216
2025-12-31T11:30:01.687Z,a,2.69,4.75,0,0,119,0.57,216
2025-12-31T11:30:02.331Z,a,3.2,4.2,0,0,128,0.54,129
2025-12-31T11:30:02.331Z,a,3.2,4.2,0,0,128,0.54,129
2025-12-31T11:30:02.970Z,a,2.93,4.29,0,0,87,0.37,144
2025-12-31T11:30:02.970Z,a,2.93,4.29,0,0,87,0.37,144
2025-12-31T11:30:03.613Z,a,4.01,4.47,0,0,90,0.4,171
2025-12-31T11:30:03.613Z,a,4.01,4.47,0,0,90,0.4,171
2025-12-31T11:30:04.261Z,a,3.86,4.21,0,0,130,0.55,132
2025-12-31T11:30:04.262Z,a,3.86,4.21,0,0,130,0.55,132
2025-12-31T11:30:04.906Z,a,3.84,4.26,0,0,118,0.5,140
2025-12-31T11:30:04.906Z,a,3.84,4.26,0,0,118,0.5,140
2025-12-31T11:30:05.549Z,a,3.64,4.41,0,0,135,0.6,163
2025-12-31T11:30:05.550Z,a,3.64,4.41,0,0,135,0.6,163
2025-12-31T11:30:06.194Z,a,3.45,4.39,0,0,119,0.52,160
2025-12-31T11:30:06.194Z,a,3.45,4.39,0,0,119,0.52,160
2025-12-31T11:30:06.838Z,a,3.37,4.6,0,0,117,0.54,193
2025-12-31T11:30:06.839Z,a,3.37,4.6,0,0,117,0.54,193
2025-12-31T11:30:07.483Z,a,3.25,4.73,0,0,114,0.54,213
2025-12-31T11:30:07.482Z,a,3.25,4.73,0,0,114,0.54,213
2025-12-31T11:30:08.126Z,a,3.23,4.88,0,0,106,0.52,236
2025-12-31T11:30:08.127Z,a,3.23,4.88,0,0,106,0.52,236
2025-12-31T11:30:08.772Z,a,3.2,4.44,0,0,135,0.6,168
2025-12-31T11:30:08.773Z,a,3.2,4.44,0,0,135,0.6,168
2025-12-31T11:30:09.415Z,a,2.54,4.27,0,0,112,0.48,141
2025-12-31T11:30:09.415Z,a,2.54,4.27,0,0,112,0.48,141
2025-12-31T11:30:10.059Z,a,4.01,4.85,0,0,142,0.69,231
2025-12-31T11:30:10.060Z,a,4.01,4.85,0,0,142,0.69,231
2025-12-31T11:30:10.604Z,,,,,,,,
2025-12-31T11:30:10.603Z,,,,,,,,
2025-12-31T11:30:10.712Z,m,3.4,4.85,0,0,116,0.56,231
2025-12-31T11:30:10.713Z,m,3.4,4.85,0,0,116,0.56,231
2025-12-31T11:30:11.355Z,m,3.2,4.85,0,0,96,0.47,231
2025-12-31T11:30:11.356Z,m,3.2,4.85,0,0,96,0.47,231
2025-12-31T11:30:12.004Z,m,3.2,4.85,0,0,115,0.56,231
2025-12-31T11:30:12.003Z,m,3.2,4.85,0,0,115,0.56,231
2025-12-31T11:30:12.642Z,m,3.2,4.85,0,0,95,0.46,231
2025-12-31T11:30:12.643Z,m,3.2,4.85,0,0,95,0.46,231
2025-12-31T11:30:13.292Z,m,3.2,3.21,3,-7,276,0.89,152
2025-12-31T11:30:13.292Z,m,3.2,3.21,3,-7,276,0.89,152
2025-12-31T11:30:13.936Z,m,2.57,3.21,3,-7,264,0.85,152
2025-12-31T11:30:13.937Z,m,2.57,3.21,3,-7,264,0.85,152
2025-12-31T11:30:14.582Z,m,2.57,3.21,3,-7,287,0.92,152
2025-12-31T11:30:14.582Z,m,2.57,3.21,3,-7,287,0.92,152
2025-12-31T11:30:15.227Z,m,2.57,3.21,3,-7,251,0.81,152
2025-12-31T11:30:15.227Z,m,2.57,3.21,3,-7,251,0.81,152
2025-12-31T11:30:15.872Z,m,3.4,3.21,3,-7,298,0.96,152
2025-12-31T11:30:15.872Z,m,3.4,3.21,3,-7,298,0.96,152
2025-12-31T11:30:16.517Z,m,3.42,3.21,3,-7,292,0.94,152
2025-12-31T11:30:16.517Z,m,3.42,3.21,3,-7,292,0.94,152
2025-12-31T11:30:17.162Z,m,3.49,3.21,3,-7,272,0.87,152
2025-12-31T11:30:17.163Z,m,3.49,3.21,3,-7,272,0.87,152
2025-12-31T11:30:17.808Z,m,3.54,3.21,3,-7,273,0.88,152
2025-12-31T11:30:17.809Z,m,3.54,3.21,3,-7,273,0.88,152
2025-12-31T11:30:18.452Z,m,3.64,3.21,3,-7,272,0.87,152
2025-12-31T11:30:18.453Z,m,3.64,3.21,3,-7,272,0.87,152
2025-12-31T11:30:19.097Z,m,3.47,4.01,4,-0.25,265,1.06,206
2025-12-31T11:30:19.098Z,m,3.47,4.01,4,-0.25,265,1.06,206
2025-12-31T11:30:19.742Z,m,3.32,4.01,4,-0.25,296,1.19,206
2025-12-31T11:30:19.743Z,m,3.32,4.01,4,-0.25,296,1.19,206
2025-12-31T11:30:20.388Z,m,3.37,4.01,4,-0.25,252,1.01,206
2025-12-31T11:30:20.388Z,m,3.37,4.01,4,-0.25,252,1.01,206
2025-12-31T11:30:21.032Z,m,3.42,4.01,4,-0.25,259,1.04,206
2025-12-31T11:30:21.033Z,m,3.42,4.01,4,-0.25,259,1.04,206
2025-12-31T11:30:21.677Z,m,3.47,4.01,4,-0.25,297,1.19,206
2025-12-31T11:30:21.678Z,m,3.47,4.01,4,-0.25,297,1.19,206
2025-12-31T11:30:22.322Z,m,3.54,4.01,4,-0.25,256,1.03,206
2025-12-31T11:30:22.323Z,m,3.54,4.01,4,-0.25,256,1.03,206
2025-12-31T11:30:22.968Z,m,3.64,4.01,4,-0.25,259,1.04,206
2025-12-31T11:30:22.969Z,m,3.64,4.01,4,-0.25,259,1.04,206
2025-12-31T11:30:23.613Z,m,3.71,4.01,4,-0.25,266,1.07,206
2025-12-31T11:30:23.614Z,m,3.71,4.01,4,-0.25,266,1.07,206
2025-12-31T11:30:24.258Z,m,2.42,4.01,4,-0.25,280,1.12,206
2025-12-31T11:30:24.258Z,m,2.42,4.01,4,-0.25,280,1.12,206
2025-12-31T11:30:24.903Z,m,2.54,4.01,4,-0.25,258,1.03,206
2025-12-31T11:30:24.903Z,m,2.54,4.01,4,-0.25,258,1.03,206
2025-12-31T11:30:25.549Z,m,2.54,4.01,4,-0.25,263,1.05,206
2025-12-31T11:30:25.550Z,m,2.54,4.01,4,-0.25,263,1.05,206
2025-12-31T11:30:26.194Z,m,3.76,2.16,2,-8,257,0.56,103
2025-12-31T11:30:26.195Z,m,3.76,2.16,2,-8,257,0.56,103
2025-12-31T11:30:26.838Z,m,2.86,2.16,2,-8,294,0.64,103
2025-12-31T11:30:26.839Z,m,2.86,2.16,2,-8,294,0.64,103
2025-12-31T11:30:27.484Z,m,3.03,2.16,2,-8,267,0.58,103
2025-12-31T11:30:27.485Z,m,3.03,2.16,2,-8,267,0.58,103
2025-12-31T11:30:28.129Z,m,3.01,2.16,2,-8,250,0.54,103
2025-12-31T11:30:28.130Z,m,3.01,2.16,2,-8,250,0.54,103
2025-12-31T11:30:28.774Z,m,2.93,2.16,2,-8,258,0.56,103
2025-12-31T11:30:28.774Z,m,2.93,2.16,2,-8,258,0.56,103
2025-12-31T11:30:29.419Z,m,2.88,2.16,2,-8,256,0.55,103
2025-12-31T11:30:29.419Z,m,2.88,2.16,2,-8,256,0.55,103
2025-12-31T11:30:30.063Z,m,2.81,2.16,2,-8,260,0.56,103
2025-12-31T11:30:30.064Z,m,2.81,2.16,2,-8,260,0.56,103
2025-12-31T11:30:30.709Z,m,3.69,5.03,5,-0.6,136,0.68,255
2025-12-31T11:30:30.709Z,m,3.69,5.03,5,-0.6,136,0.68,255
2025-12-31T11:30:31.353Z,m,3.18,5.03,5,-0.6,86,0.43,255
2025-12-31T11:30:31.355Z,m,3.18,5.03,5,-0.6,86,0.43,255
2025-12-31T11:30:31.998Z,m,3.18,5.03,5,-0.6,147,0.74,255
2025-12-31T11:30:31.998Z,m,3.18,5.03,5,-0.6,147,0.74,255
2025-12-31T11:30:32.643Z,m,3.18,5.03,5,-0.6,128,0.64,255
2025-12-31T11:30:32.643Z,m,3.18,5.03,5,-0.6,128,0.64,255
2025-12-31T11:30:33.288Z,m,3.18,5.03,5,-0.6,112,0.56,255
2025-12-31T11:30:33.288Z,m,3.18,5.03,5,-0.6,112,0.56,255
2025-12-31T11:30:33.935Z,m,3.18,5.03,5,-0.6,138,0.69,255
2025-12-31T11:30:33.935Z,m,3.18,5.03,5,-0.6,138,0.69,255
2025-12-31T11:30:34.578Z,m,3.18,5.03,5,-0.6,121,0.61,255
2025-12-31T11:30:34.578Z,m,3.18,5.03,5,-0.6,121,0.61,255
2025-12-31T11:30:35.223Z,m,3.18,5.03,5,-0.6,118,0.59,255
2025-12-31T11:30:35.224Z,m,3.18,5.03,5,-0.6,118,0.59,255
2025-12-31T11:30:35.867Z,m,3.18,5.03,5,-0.6,84,0.42,255
2025-12-31T11:30:35.868Z,m,3.18,5.03,5,-0.6,84,0.42,255
2025-12-31T11:30:36.512Z,m,3.18,5.03,5,-0.6,132,0.66,255
2025-12-31T11:30:36.513Z,m,3.18,5.03,5,-0.6,132,0.66,255
2025-12-31T11:30:37.157Z,m,3.18,5.03,5,-0.6,118,0.59,255
2025-12-31T11:30:37.158Z,m,3.18,5.03,5,-0.6,118,0.59,255
2025-12-31T11:30:37.802Z,m,3.18,5.03,5,-0.6,121,0.61,255
2025-12-31T11:30:37.803Z,m,3.18,5.03,5,-0.6,121,0.61,255
2025-12-31T11:30:38.447Z,m,3.18,5.03,5,-0.6,90,0.45,255
2025-12-31T11:30:38.446Z,m,3.18,5.03,5,-0.6,90,0.45,255
2025-12-31T11:30:39.091Z,m,3.18,5.03,5,-0.6,108,0.54,255
2025-12-31T11:30:39.092Z,m,3.18,5.03,5,-0.6,108,0.54,255
2025-12-31T11:30:39.737Z,m,3.18,5.03,5,-0.6,104,0.52,255
2025-12-31T11:30:39.738Z,m,3.18,5.03,5,-0.6,104,0.52,255
2025-12-31T11:30:40.383Z,m,3.18,5.03,5,-0.6,120,0.6,255
2025-12-31T11:30:40.384Z,m,3.18,5.03,5,-0.6,120,0.6,255
2025-12-31T11:30:41.026Z,m,3.18,5.03,5,-0.6,120,0.6,255
2025-12-31T11:30:41.027Z,m,3.18,5.03,5,-0.6,120,0.6,255
2025-12-31T11:30:41.672Z,m,3.18,5.03,5,-0.6,139,0.7,255
2025-12-31T11:30:41.673Z,m,3.18,5.03,5,-0.6,139,0.7,255
2025-12-31T11:30:42.316Z,m,3.2,5.03,5,-0.6,97,0.49,255
2025-12-31T11:30:42.318Z,m,3.2,5.03,5,-0.6,97,0.49,255
2025-12-31T11:30:42.960Z,m,3.18,5.03,5,-0.6,146,0.73,255
2025-12-31T11:30:42.961Z,m,3.18,5.03,5,-0.6,146,0.73,255
2025-12-31T11:30:43.606Z,m,3.18,5.03,5,-0.6,82,0.41,255
2025-12-31T11:30:43.606Z,m,3.18,5.03,5,-0.6,82,0.41,255
2025-12-31T11:30:44.251Z,m,3.18,5.03,5,-0.6,100,0.5,255
2025-12-31T11:30:44.252Z,m,3.18,5.03,5,-0.6,100,0.5,255
2025-12-31T11:30:44.895Z,m,3.18,5.03,5,-0.6,139,0.7,255
2025-12-31T11:30:44.895Z,m,3.18,5.03,5,-0.6,139,0.7,255
2025-12-31T11:30:45.541Z,m,3.18,5.03,5,-0.6,121,0.61,255
2025-12-31T11:30:45.542Z,m,3.18,5.03,5,-0.6,121,0.61,255
2025-12-31T11:30:46.186Z,m,3.18,5.03,5,-0.6,111,0.56,255
2025-12-31T11:30:46.186Z,m,3.18,5.03,5,-0.6,111,0.56,255
2025-12-31T11:30:46.830Z,m,3.18,5.03,5,-0.6,113,0.57,255
2025-12-31T11:30:46.830Z,m,3.18,5.03,5,-0.6,113,0.57,255
2025-12-31T11:30:47.374Z,,,,,,,,
2025-12-31T11:30:47.374Z,,,,,,,,
2025-12-31T11:30:47.487Z,a,2.52,4.67,0,0,145,0.68,203
2025-12-31T11:30:47.487Z,a,2.52,4.67,0,0,145,0.68,203
2025-12-31T11:30:48.129Z,a,3.57,4.83,0,0,126,0.61,228
2025-12-31T11:30:48.130Z,a,3.57,4.83,0,0,126,0.61,228
2025-12-31T11:30:48.773Z,a,3.3,4.38,0,0,112,0.49,158
2025-12-31T11:30:48.775Z,a,3.3,4.38,0,0,112,0.49,158
2025-12-31T11:30:49.418Z,a,3.52,4.13,0,0,256,1.06,120
2025-12-31T11:30:49.419Z,a,3.52,4.13,0,0,256,1.06,120
2025-12-31T11:30:50.062Z,a,2.57,4.71,0,0,121,0.57,210
2025-12-31T11:30:50.062Z,a,2.57,4.71,0,0,121,0.57,210
2025-12-31T11:30:50.701Z,a,3.25,4.71,0,0,84,0.4,210
2025-12-31T11:30:50.701Z,a,3.25,4.71,0,0,84,0.4,210
2025-12-31T11:30:51.344Z,a,3.23,4.42,0,0,93,0.41,165
2025-12-31T11:30:51.345Z,a,3.23,4.42,0,0,93,0.41,165
2025-12-31T11:30:51.992Z,a,2.54,4.45,0,0,134,0.6,168
2025-12-31T11:30:51.993Z,a,2.54,4.45,0,0,134,0.6,168
2025-12-31T11:30:52.637Z,a,2.59,4.45,0,0,134,0.6,168
2025-12-31T11:30:52.637Z,a,2.59,4.45,0,0,134,0.6,168
2025-12-31T11:30:53.275Z,a,2.54,4.77,0,0,88,0.42,219
2025-12-31T11:30:53.276Z,a,2.54,4.77,0,0,88,0.42,219
2025-12-31T11:30:53.919Z,a,3.54,4.56,0,0,89,0.41,186
2025-12-31T11:30:53.919Z,a,3.54,4.56,0,0,89,0.41,186
2025-12-31T11:30:54.562Z,a,3.67,4.41,0,0,87,0.38,163
2025-12-31T11:30:54.562Z,a,3.67,4.41,0,0,87,0.38,163
2025-12-31T11:30:55.205Z,a,3.64,4.81,0,0,99,0.48,225
2025-12-31T11:30:55.205Z,a,3.64,4.81,0,0,99,0.48,225
2025-12-31T11:30:55.853Z,a,3.3,4.15,0,0,255,1.06,123
2025-12-31T11:30:55.854Z,a,3.3,4.15,0,0,255,1.06,123
2025-12-31T11:30:56.498Z,a,3.57,4.57,0,0,120,0.55,188
2025-12-31T11:30:56.498Z,a,3.57,4.57,0,0,120,0.55,188
2025-12-31T11:30:57.143Z,a,3.3,4.5,0,0,114,0.51,177
2025-12-31T11:30:57.143Z,a,3.3,4.5,0,0,114,0.51,177
2025-12-31T11:30:57.781Z,a,3.27,4.44,0,0,83,0.37,168
2025-12-31T11:30:57.781Z,a,3.27,4.44,0,0,83,0.37,168
2025-12-31T11:30:58.429Z,a,2.54,4.46,0,0,121,0.54,171
2025-12-31T11:30:58.430Z,a,2.54,4.46,0,0,121,0.54,171
2025-12-31T11:30:59.073Z,a,2.59,4.02,0,0,281,1.13,103
2025-12-31T11:30:59.074Z,a,2.59,4.02,0,0,281,1.13,103
2025-12-31T11:30:59.712Z,a,2.83,4.68,0,0,86,0.4,203
2025-12-31T11:30:59.713Z,a,2.83,4.68,0,0,86,0.4,203
2025-12-31T11:31:00.361Z,a,3.69,4.27,0,0,117,0.5,141
2025-12-31T11:31:00.361Z,a,3.69,4.27,0,0,117,0.5,141
2025-12-31T11:31:01.005Z,a,3.86,4.88,0,0,139,0.68,236
2025-12-31T11:31:01.005Z,a,3.86,4.88,0,0,139,0.68,236
2025-12-31T11:31:01.649Z,a,3.25,4.24,0,0,109,0.46,135
2025-12-31T11:31:01.650Z,a,3.25,4.24,0,0,109,0.46,135
2025-12-31T11:31:02.293Z,a,3.57,4.84,0,0,130,0.63,230
2025-12-31T11:31:02.294Z,a,3.57,4.84,0,0,130,0.63,230
2025-12-31T11:31:02.933Z,a,3.23,4.34,0,0,91,0.39,152
2025-12-31T11:31:02.933Z,a,3.23,4.34,0,0,91,0.39,152
2025-12-31T11:31:03.582Z,a,3.37,4.24,0,0,131,0.56,135
2025-12-31T11:31:03.582Z,a,3.37,4.24,0,0,131,0.56,135
2025-12-31T11:31:04.225Z,a,2.57,4.67,0,0,148,0.69,203
2025-12-31T11:31:04.226Z,a,2.57,4.67,0,0,148,0.69,203
2025-12-31T11:31:04.869Z,a,3.2,4.6,0,0,119,0.55,193
2025-12-31T11:31:04.870Z,a,3.2,4.6,0,0,119,0.55,193
2025-12-31T11:31:05.513Z,a,2.54,4.75,0,0,129,0.61,216
2025-12-31T11:31:05.514Z,a,2.54,4.75,0,0,129,0.61,216
2025-12-31T11:31:06.153Z,a,3.64,4.38,0,0,81,0.35,158
2025-12-31T11:31:06.153Z,a,3.64,4.38,0,0,81,0.35,158
2025-12-31T11:31:06.801Z,a,3.91,4.97,0,0,142,0.71,248
2025-12-31T11:31:06.801Z,a,3.91,4.97,0,0,142,0.71,248
2025-12-31T11:31:07.445Z,a,3.2,4.75,0,0,103,0.49,216
2025-12-31T11:31:07.446Z,a,3.2,4.75,0,0,103,0.49,216
2025-12-31T11:31:08.089Z,a,3.32,4.31,0,0,109,0.47,148
2025-12-31T11:31:08.090Z,a,3.32,4.31,0,0,109,0.47,148
2025-12-31T11:31:08.733Z,a,3.47,4.65,0,0,134,0.62,200
2025-12-31T11:31:08.734Z,a,3.47,4.65,0,0,134,0.62,200
2025-12-31T11:31:09.378Z,a,3.27,4.09,0,0,262,1.07,113
2025-12-31T11:31:09.378Z,a,3.27,4.09,0,0,262,1.07,113
2025-12-31T11:31:10.017Z,a,2.66,4.8,0,0,95,0.46,224
2025-12-31T11:31:10.017Z,a,2.66,4.8,0,0,95,0.46,224
2025-12-31T11:31:10.660Z,a,3.2,4.66,0,0,84,0.39,202
2025-12-31T11:31:10.661Z,a,3.2,4.66,0,0,84,0.39,202
2025-12-31T11:31:11.308Z,a,2.52,4.05,0,0,261,1.06,107
2025-12-31T11:31:11.309Z,a,2.52,4.05,0,0,261,1.06,107
2025-12-31T11:31:11.952Z,a,2.93,4.58,0,0,109,0.5,189
2025-12-31T11:31:11.953Z,a,2.93,4.58,0,0,109,0.5,189
2025-12-31T11:31:12.597Z,a,3.84,4.79,0,0,127,0.61,222
2025-12-31T11:31:12.597Z,a,3.84,4.79,0,0,127,0.61,222
2025-12-31T11:31:13.141Z,,,,,,,,
2025-12-31T11:31:13.141Z,,,,,,,,
2025-12-31T11:31:13.250Z,m,3.49,4.79,0,0,102,0.49,222
2025-12-31T11:31:13.250Z,m,3.49,4.79,0,0,102,0.49,222
2025-12-31T11:31:13.894Z,m,3.2,4.79,0,0,81,0.39,222
2025-12-31T11:31:13.893Z,m,3.2,4.79,0,0,81,0.39,222
2025-12-31T11:31:14.541Z,m,3.2,4.79,0,0,147,0.7,222
2025-12-31T11:31:14.541Z,m,3.2,4.79,0,0,147,0.7,222
2025-12-31T11:31:15.186Z,m,3.18,2.12,2,-6,293,0.62,103
2025-12-31T11:31:15.187Z,m,3.18,2.12,2,-6,293,0.62,103
2025-12-31T11:31:15.831Z,m,2.93,2.12,2,-6,277,0.59,103
2025-12-31T11:31:15.832Z,m,2.93,2.12,2,-6,277,0.59,103
2025-12-31T11:31:16.476Z,m,2.86,2.12,2,-6,264,0.56,103
2025-12-31T11:31:16.477Z,m,2.86,2.12,2,-6,264,0.56,103
2025-12-31T11:31:17.121Z,m,2.81,2.12,2,-6,254,0.54,103
2025-12-31T11:31:17.122Z,m,2.81,2.12,2,-6,254,0.54,103
2025-12-31T11:31:17.767Z,m,2.71,2.12,2,-6,271,0.57,103
2025-12-31T11:31:17.768Z,m,2.71,2.12,2,-6,271,0.57,103
2025-12-31T11:31:18.411Z,m,2.64,2.12,2,-6,277,0.59,103
2025-12-31T11:31:18.412Z,m,2.64,2.12,2,-6,277,0.59,103
2025-12-31T11:31:19.057Z,m,2.59,2.12,2,-6,277,0.59,103
2025-12-31T11:31:19.057Z,m,2.59,2.12,2,-6,277,0.59,103
2025-12-31T11:31:19.702Z,m,2.57,2.12,2,-6,273,0.58,103
2025-12-31T11:31:19.703Z,m,2.57,2.12,2,-6,273,0.58,103
2025-12-31T11:31:20.347Z,m,3.74,2.12,2,-6,267,0.57,103
2025-12-31T11:31:20.349Z,m,3.74,2.12,2,-6,267,0.57,103
2025-12-31T11:31:20.992Z,m,3.74,2.12,2,-6,287,0.61,103
2025-12-31T11:31:20.992Z,m,3.74,2.12,2,-6,287,0.61,103
2025-12-31T11:31:21.637Z,m,3.84,2.12,2,-6,290,0.61,103
2025-12-31T11:31:21.638Z,m,3.84,2.12,2,-6,290,0.61,103
2025-12-31T11:31:22.283Z,m,3.93,2.12,2,-6,255,0.54,103
2025-12-31T11:31:22.284Z,m,3.93,2.12,2,-6,255,0.54,103
2025-12-31T11:31:22.927Z,m,3.98,2.12,2,-6,282,0.6,103
2025-12-31T11:31:22.927Z,m,3.98,2.12,2,-6,282,0.6,103
2025-12-31T11:31:23.572Z,m,3.81,3.06,3,-2,277,0.85,157
2025-12-31T11:31:23.573Z,m,3.81,3.06,3,-2,277,0.85,157
2025-12-31T11:31:24.217Z,m,3.76,3.06,3,-2,299,0.91,157
2025-12-31T11:31:24.218Z,m,3.76,3.06,3,-2,299,0.91,157
2025-12-31T11:31:24.863Z,m,3.86,3.06,3,-2,259,0.79,157
2025-12-31T11:31:24.863Z,m,3.86,3.06,3,-2,259,0.79,157
2025-12-31T11:31:25.508Z,m,3.93,3.06,3,-2,259,0.79,157
2025-12-31T11:31:25.508Z,m,3.93,3.06,3,-2,259,0.79,157
2025-12-31T11:31:26.153Z,m,3.98,3.06,3,-2,261,0.8,157
2025-12-31T11:31:26.153Z,m,3.98,3.06,3,-2,261,0.8,157
2025-12-31T11:31:26.797Z,m,2.59,3.06,3,-2,292,0.89,157
2025-12-31T11:31:26.798Z,m,2.59,3.06,3,-2,292,0.89,157
2025-12-31T11:31:27.442Z,m,2.71,3.06,3,-2,268,0.82,157
2025-12-31T11:31:27.443Z,m,2.71,3.06,3,-2,268,0.82,157
2025-12-31T11:31:28.088Z,m,2.64,3.06,3,-2,250,0.76,157
2025-12-31T11:31:28.088Z,m,2.64,3.06,3,-2,250,0.76,157
2025-12-31T11:31:28.733Z,m,2.59,3.06,3,-2,274,0.84,157
2025-12-31T11:31:28.733Z,m,2.59,3.06,3,-2,274,0.84,157
2025-12-31T11:31:29.378Z,m,2.54,3.06,3,-2,277,0.85,157
2025-12-31T11:31:29.378Z,m,2.54,3.06,3,-2,277,0.85,157
2025-12-31T11:31:30.023Z,m,2.66,4.16,4,-4,289,1.2,201
2025-12-31T11:31:30.024Z,m,2.66,4.16,4,-4,289,1.2,201
2025-12-31T11:31:30.669Z,m,2.54,4.16,4,-4,260,1.08,201
2025-12-31T11:31:30.670Z,m,2.54,4.16,4,-4,260,1.08,201
2025-12-31T11:31:31.313Z,m,3.23,4.16,4,-4,251,1.04,201
2025-12-31T11:31:31.313Z,m,3.23,4.16,4,-4,251,1.04,201
2025-12-31T11:31:31.958Z,m,3.23,4.16,4,-4,251,1.04,201
2025-12-31T11:31:31.958Z,m,3.23,4.16,4,-4,251,1.04,201
2025-12-31T11:31:32.605Z,m,3.25,4.16,4,-4,263,1.09,201
2025-12-31T11:31:32.604Z,m,3.25,4.16,4,-4,263,1.09,201
2025-12-31T11:31:33.248Z,m,3.25,4.16,4,-4,259,1.08,201
2025-12-31T11:31:33.249Z,m,3.25,4.16,4,-4,259,1.08,201
2025-12-31T11:31:33.893Z,m,3.27,4.16,4,-4,266,1.11,201
2025-12-31T11:31:33.894Z,m,3.27,4.16,4,-4,266,1.11,201
2025-12-31T11:31:34.532Z,m,3.23,4.8,5,4,98,0.47,260
2025-12-31T11:31:34.533Z,m,3.23,4.8,5,4,98,0.47,260
2025-12-31T11:31:35.180Z,m,3.18,4.8,5,4,107,0.51,260
2025-12-31T11:31:35.181Z,m,3.18,4.8,5,4,107,0.51,260
2025-12-31T11:31:35.824Z,m,3.18,4.8,5,4,130,0.62,260
2025-12-31T11:31:35.825Z,m,3.18,4.8,5,4,130,0.62,260
2025-12-31T11:31:36.463Z,m,3.18,4.8,5,4,88,0.42,260
2025-12-31T11:31:36.464Z,m,3.18,4.8,5,4,88,0.42,260
2025-12-31T11:31:37.111Z,m,3.18,4.8,5,4,112,0.54,260
2025-12-31T11:31:37.112Z,m,3.18,4.8,5,4,112,0.54,260
2025-12-31T11:31:37.755Z,m,3.18,4.8,5,4,127,0.61,260
2025-12-31T11:31:37.756Z,m,3.18,4.8,5,4,127,0.61,260
2025-12-31T11:31:38.399Z,m,3.18,4.8,5,4,112,0.54,260
2025-12-31T11:31:38.400Z,m,3.18,4.8,5,4,112,0.54,260
2025-12-31T11:31:39.038Z,m,3.18,4.8,5,4,85,0.41,260
2025-12-31T11:31:39.039Z,m,3.18,4.8,5,4,85,0.41,260
2025-12-31T11:31:39.686Z,m,3.18,4.8,5,4,143,0.69,260
2025-12-31T11:31:39.687Z,m,3.18,4.8,5,4,143,0.69,260
2025-12-31T11:31:40.330Z,m,3.18,4.8,5,4,136,0.65,260
2025-12-31T11:31:40.331Z,m,3.18,4.8,5,4,136,0.65,260
2025-12-31T11:31:40.975Z,m,3.18,4.8,5,4,144,0.69,260
2025-12-31T11:31:40.976Z,m,3.18,4.8,5,4,144,0.69,260
2025-12-31T11:31:41.613Z,m,3.18,4.8,5,4,98,0.47,260
2025-12-31T11:31:41.614Z,m,3.18,4.8,5,4,98,0.47,260
2025-12-31T11:31:42.261Z,m,3.18,4.8,5,4,135,0.65,260
2025-12-31T11:31:42.262Z,m,3.18,4.8,5,4,135,0.65,260
2025-12-31T11:31:42.905Z,m,3.18,4.8,5,4,133,0.64,260
2025-12-31T11:31:42.905Z,m,3.18,4.8,5,4,133,0.64,260
2025-12-31T11:31:43.549Z,m,3.18,4.8,5,4,117,0.56,260
2025-12-31T11:31:43.550Z,m,3.18,4.8,5,4,117,0.56,260
2025-12-31T11:31:44.193Z,m,3.18,4.8,5,4,142,0.68,260
2025-12-31T11:31:44.194Z,m,3.18,4.8,5,4,142,0.68,260
2025-12-31T11:31:44.837Z,m,3.18,4.8,5,4,139,0.67,260
2025-12-31T11:31:44.838Z,m,3.18,4.8,5,4,139,0.67,260
2025-12-31T11:31:45.478Z,m,3.18,4.8,5,4,81,0.39,260
2025-12-31T11:31:45.479Z,m,3.18,4.8,5,4,81,0.39,260
2025-12-31T11:31:46.119Z,m,3.18,4.8,5,4,84,0.4,260
2025-12-31T11:31:46.120Z,m,3.18,4.8,5,4,84,0.4,260
2025-12-31T11:31:46.767Z,m,3.18,4.8,5,4,112,0.54,260
2025-12-31T11:31:46.768Z,m,3.18,4.8,5,4,112,0.54,260
2025-12-31T11:31:47.406Z,m,3.18,4.8,5,4,82,0.39,260
2025-12-31T11:31:47.407Z,m,3.18,4.8,5,4,82,0.39,260
2025-12-31T11:31:48.054Z,m,3.18,4.8,5,4,122,0.59,260
2025-12-31T11:31:48.055Z,m,3.18,4.8,5,4,122,0.59,260
2025-12-31T11:31:48.698Z,m,3.18,4.8,5,4,105,0.5,260
2025-12-31T11:31:48.699Z,m,3.18,4.8,5,4,105,0.5,260
2025-12-31T11:31:49.342Z,m,3.18,4.8,5,4,121,0.58,260
2025-12-31T11:31:49.343Z,m,3.18,4.8,5,4,121,0.58,260
2025-12-31T11:31:49.986Z,m,3.18,4.8,5,4,106,0.51,260
2025-12-31T11:31:49.987Z,m,3.18,4.8,5,4,106,0.51,260
2025-12-31T11:31:50.625Z,m,3.18,4.8,5,4,89,0.43,260
2025-12-31T11:31:50.626Z,m,3.18,4.8,5,4,89,0.43,260
2025-12-31T11:31:51.273Z,m,3.18,4.8,5,4,106,0.51,260
2025-12-31T11:31:51.274Z,m,3.18,4.8,5,4,106,0.51,260
2025-12-31T11:31:51.917Z,m,3.18,4.8,5,4,129,0.62,260
2025-12-31T11:31:51.918Z,m,3.18,4.8,5,4,129,0.62,260
2025-12-31T11:31:52.561Z,m,3.18,4.8,5,4,112,0.54,260
2025-12-31T11:31:52.562Z,m,3.18,4.8,5,4,112,0.54,260
2025-12-31T11:31:53.205Z,m,3.18,4.8,5,4,140,0.67,260
2025-12-31T11:31:53.206Z,m,3.18,4.8,5,4,140,0.67,260
2025-12-31T11:31:53.850Z,m,3.18,4.8,5,4,122,0.59,260
2025-12-31T11:31:53.850Z,m,3.18,4.8,5,4,122,0.59,260
2025-12-31T11:31:54.493Z,m,3.18,4.8,5,4,102,0.49,260
2025-12-31T11:31:54.494Z,m,3.18,4.8,5,4,102,0.49,260
2025-12-31T11:31:55.137Z,m,3.18,4.8,5,4,140,0.67,260
2025-12-31T11:31:55.138Z,m,3.18,4.8,5,4,140,0.67,260
2025-12-31T11:31:55.783Z,m,3.18,4.8,5,4,113,0.54,260
2025-12-31T11:31:55.783Z,m,3.18,4.8,5,4,113,0.54,260
2025-12-31T11:31:56.425Z,m,3.18,4.8,5,4,115,0.55,260
2025-12-31T11:31:56.426Z,m,3.18,4.8,5,4,115,0.55,260
2025-12-31T11:31:57.069Z,m,3.18,4.8,5,4,116,0.56,260
2025-12-31T11:31:57.070Z,m,3.18,4.8,5,4,116,0.56,260
2025-12-31T11:31:57.713Z,m,3.18,4.8,5,4,109,0.52,260
2025-12-31T11:31:57.715Z,m,3.18,4.8,5,4,109,0.52,260
2025-12-31T11:31:58.352Z,m,3.18,4.8,5,4,86,0.41,260
2025-12-31T11:31:58.353Z,m,3.18,4.8,5,4,86,0.41,260
2025-12-31T11:31:59.002Z,m,3.18,4.8,5,4,144,0.69,260
2025-12-31T11:31:59.002Z,m,3.18,4.8,5,4,144,0.69,260
2025-12-31T11:31:59.644Z,m,3.18,4.8,5,4,118,0.57,260
2025-12-31T11:31:59.645Z,m,3.18,4.8,5,4,118,0.57,260
2025-12-31T11:32:00.188Z,,,,,,,,
2025-12-31T11:32:00.189Z,,,,,,,,
2025-12-31T11:32:00.300Z,a,3.18,4.71,0,0,123,0.58,210
2025-12-31T11:32:00.300Z,a,3.18,4.71,0,0,123,0.58,210
2025-12-31T11:32:00.939Z,a,3.3,4.97,0,0,93,0.46,248
2025-12-31T11:32:00.939Z,a,3.3,4.97,0,0,93,0.46,248
2025-12-31T11:32:01.582Z,a,3.18,4.67,0,0,97,0.45,203
2025-12-31T11:32:01.583Z,a,3.18,4.67,0,0,97,0.45,203
2025-12-31T11:32:02.231Z,a,3.25,4.4,0,0,122,0.54,162
2025-12-31T11:32:02.231Z,a,3.25,4.4,0,0,122,0.54,162
2025-12-31T11:32:02.874Z,a,2.52,4.4,0,0,131,0.58,162
2025-12-31T11:32:02.875Z,a,2.52,4.4,0,0,131,0.58,162
2025-12-31T11:32:03.520Z,a,2.57,4.92,0,0,102,0.5,242
2025-12-31T11:32:03.520Z,a,2.57,4.92,0,0,102,0.5,242
2025-12-31T11:32:04.163Z,a,3.15,4.78,0,0,147,0.7,220
2025-12-31T11:32:04.165Z,a,3.15,4.78,0,0,147,0.7,220
2025-12-31T11:32:04.807Z,a,3.59,4.83,0,0,109,0.53,228
2025-12-31T11:32:04.807Z,a,3.59,4.83,0,0,109,0.53,228
2025-12-31T11:32:05.451Z,a,3.37,4.45,0,0,120,0.53,168
2025-12-31T11:32:05.452Z,a,3.37,4.45,0,0,120,0.53,168
2025-12-31T11:32:06.090Z,a,3.64,4.74,0,0,92,0.44,213
2025-12-31T11:32:06.091Z,a,3.64,4.74,0,0,92,0.44,213
2025-12-31T11:32:06.739Z,a,3.32,4.66,0,0,146,0.68,202
2025-12-31T11:32:06.740Z,a,3.32,4.66,0,0,146,0.68,202
2025-12-31T11:32:07.378Z,a,3.32,4.29,0,0,81,0.35,144
2025-12-31T11:32:07.378Z,a,3.32,4.29,0,0,81,0.35,144
2025-12-31T11:32:08.026Z,a,3.42,4.11,0,0,277,1.14,117
2025-12-31T11:32:08.026Z,a,3.42,4.11,0,0,277,1.14,117
2025-12-31T11:32:08.670Z,a,2.64,4.22,0,0,110,0.46,132
2025-12-31T11:32:08.671Z,a,2.64,4.22,0,0,110,0.46,132
2025-12-31T11:32:09.314Z,a,2.66,4.25,0,0,102,0.43,138
2025-12-31T11:32:09.315Z,a,2.66,4.25,0,0,102,0.43,138
2025-12-31T11:32:09.959Z,a,2.79,4.01,0,0,255,1.02,101
2025-12-31T11:32:09.959Z,a,2.79,4.01,0,0,255,1.02,101
2025-12-31T11:32:10.598Z,a,2.86,4.95,0,0,80,0.4,245
2025-12-31T11:32:10.598Z,a,2.86,4.95,0,0,80,0.4,245
2025-12-31T11:32:11.246Z,a,3.27,4.01,0,0,278,1.11,101
2025-12-31T11:32:11.247Z,a,3.27,4.01,0,0,278,1.11,101
2025-12-31T11:32:11.885Z,a,3.93,4.28,0,0,83,0.36,143
2025-12-31T11:32:11.886Z,a,3.93,4.28,0,0,83,0.36,143
2025-12-31T11:32:12.535Z,a,3.74,4.92,0,0,141,0.69,242
2025-12-31T11:32:12.535Z,a,3.74,4.92,0,0,141,0.69,242
2025-12-31T11:32:13.178Z,a,3.23,4.6,0,0,134,0.62,193
2025-12-31T11:32:13.179Z,a,3.23,4.6,0,0,134,0.62,193
2025-12-31T11:32:13.822Z,a,3.3,4.21,0,0,149,0.63,132
2025-12-31T11:32:13.822Z,a,3.3,4.21,0,0,149,0.63,132
2025-12-31T11:32:14.466Z,a,2.54,4.45,0,0,102,0.45,168
2025-12-31T11:32:14.468Z,a,2.54,4.45,0,0,102,0.45,168
2025-12-31T11:32:15.110Z,a,2.54,4.11,0,0,261,1.07,117
2025-12-31T11:32:15.111Z,a,2.54,4.11,0,0,261,1.07,117
2025-12-31T11:32:15.756Z,a,2.86,4.6,0,0,136,0.63,193
2025-12-31T11:32:15.757Z,a,2.86,4.6,0,0,136,0.63,193
2025-12-31T11:32:16.299Z,,,,,,,,
2025-12-31T11:32:16.299Z,,,,,,,,
2025-12-31T11:32:16.408Z,m,2.52,4.6,0,0,136,0.63,193
2025-12-31T11:32:16.408Z,m,2.52,4.6,0,0,136,0.63,193
2025-12-31T11:32:17.056Z,m,3.3,4.6,0,0,133,0.61,193
2025-12-31T11:32:17.057Z,m,3.3,4.6,0,0,133,0.61,193
2025-12-31T11:32:17.700Z,m,3.32,4.6,0,0,141,0.65,193
2025-12-31T11:32:17.700Z,m,3.32,4.6,0,0,141,0.65,193
2025-12-31T11:32:18.344Z,m,3.37,4.6,0,0,114,0.52,193
2025-12-31T11:32:18.345Z,m,3.37,4.6,0,0,114,0.52,193
2025-12-31T11:32:18.988Z,m,3.3,1.87,2,6.5,250,0.47,113
2025-12-31T11:32:18.989Z,m,3.3,1.87,2,6.5,250,0.47,113
2025-12-31T11:32:19.632Z,m,3.62,1.87,2,6.5,296,0.55,113
2025-12-31T11:32:19.633Z,m,3.62,1.87,2,6.5,296,0.55,113
2025-12-31T11:32:20.276Z,m,3.67,1.87,2,6.5,276,0.52,113
2025-12-31T11:32:20.277Z,m,3.67,1.87,2,6.5,276,0.52,113
2025-12-31T11:32:20.920Z,m,3.79,1.87,2,6.5,261,0.49,113
2025-12-31T11:32:20.920Z,m,3.79,1.87,2,6.5,261,0.49,113
2025-12-31T11:32:21.564Z,m,3.89,1.87,2,6.5,291,0.54,113
2025-12-31T11:32:21.565Z,m,3.89,1.87,2,6.5,291,0.54,113
2025-12-31T11:32:22.208Z,m,3.98,1.87,2,6.5,252,0.47,113
2025-12-31T11:32:22.209Z,m,3.98,1.87,2,6.5,252,0.47,113
2025-12-31T11:32:22.852Z,m,4.01,1.87,2,6.5,297,0.56,113
2025-12-31T11:32:22.853Z,m,4.01,1.87,2,6.5,297,0.56,113
2025-12-31T11:32:23.496Z,m,2.81,1.87,2,6.5,281,0.53,113
2025-12-31T11:32:23.497Z,m,2.81,1.87,2,6.5,281,0.53,113
2025-12-31T11:32:24.140Z,m,2.98,1.87,2,6.5,290,0.54,113
2025-12-31T11:32:24.141Z,m,2.98,1.87,2,6.5,290,0.54,113
2025-12-31T11:32:24.784Z,m,2.91,1.87,2,6.5,299,0.56,113
2025-12-31T11:32:24.785Z,m,2.91,1.87,2,6.5,299,0.56,113
2025-12-31T11:32:25.429Z,m,2.81,1.87,2,6.5,289,0.54,113
2025-12-31T11:32:25.429Z,m,2.81,1.87,2,6.5,289,0.54,113
2025-12-31T11:32:26.073Z,m,2.71,1.87,2,6.5,253,0.47,113
2025-12-31T11:32:26.074Z,m,2.71,1.87,2,6.5,253,0.47,113
2025-12-31T11:32:26.716Z,m,2.61,1.87,2,6.5,257,0.48,113
2025-12-31T11:32:26.717Z,m,2.61,1.87,2,6.5,257,0.48,113
2025-12-31T11:32:27.360Z,m,2.79,2.79,3,7,270,0.75,162
2025-12-31T11:32:27.361Z,m,2.79,2.79,3,7,270,0.75,162
2025-12-31T11:32:28.005Z,m,2.54,2.79,3,7,251,0.7,162
2025-12-31T11:32:28.007Z,m,2.54,2.79,3,7,251,0.7,162
2025-12-31T11:32:28.648Z,m,3.35,2.79,3,7,269,0.75,162
2025-12-31T11:32:28.649Z,m,3.35,2.79,3,7,269,0.75,162
2025-12-31T11:32:29.293Z,m,3.4,2.79,3,7,294,0.82,162
2025-12-31T11:32:29.293Z,m,3.4,2.79,3,7,294,0.82,162
2025-12-31T11:32:29.937Z,m,3.47,2.79,3,7,254,0.71,162
2025-12-31T11:32:29.937Z,m,3.47,2.79,3,7,254,0.71,162
2025-12-31T11:32:30.581Z,m,3.57,2.79,3,7,288,0.8,162
2025-12-31T11:32:30.581Z,m,3.57,2.79,3,7,288,0.8,162
2025-12-31T11:32:31.224Z,m,3.67,2.79,3,7,277,0.77,162
2025-12-31T11:32:31.225Z,m,3.67,2.79,3,7,277,0.77,162
2025-12-31T11:32:31.869Z,m,3.76,2.79,3,7,288,0.8,162
2025-12-31T11:32:31.870Z,m,3.76,2.79,3,7,288,0.8,162
2025-12-31T11:32:32.513Z,m,3.89,2.79,3,7,274,0.76,162
2025-12-31T11:32:32.514Z,m,3.89,2.79,3,7,274,0.76,162
2025-12-31T11:32:33.157Z,m,3.96,2.79,3,7,251,0.7,162
2025-12-31T11:32:33.157Z,m,3.96,2.79,3,7,251,0.7,162
2025-12-31T11:32:33.803Z,m,3.76,4.22,4,-5.5,122,0.51,201
2025-12-31T11:32:33.803Z,m,3.76,4.22,4,-5.5,122,0.51,201
2025-12-31T11:32:34.448Z,m,3.64,4.22,4,-5.5,118,0.5,201
2025-12-31T11:32:34.448Z,m,3.64,4.22,4,-5.5,118,0.5,201
2025-12-31T11:32:35.093Z,m,3.71,4.22,4,-5.5,112,0.47,201
2025-12-31T11:32:35.093Z,m,3.71,4.22,4,-5.5,112,0.47,201
2025-12-31T11:32:35.737Z,m,2.39,4.22,4,-5.5,85,0.36,201
2025-12-31T11:32:35.737Z,m,2.39,4.22,4,-5.5,85,0.36,201
2025-12-31T11:32:36.382Z,m,2.52,4.22,4,-5.5,107,0.45,201
2025-12-31T11:32:36.382Z,m,2.52,4.22,4,-5.5,107,0.45,201
2025-12-31T11:32:37.027Z,m,2.52,4.22,4,-5.5,107,0.45,201
2025-12-31T11:32:37.027Z,m,2.52,4.22,4,-5.5,107,0.45,201
2025-12-31T11:32:37.671Z,m,2.52,4.22,4,-5.5,87,0.37,201
2025-12-31T11:32:37.672Z,m,2.52,4.22,4,-5.5,87,0.37,201
2025-12-31T11:32:38.316Z,m,3.23,4.22,4,-5.5,141,0.6,201
2025-12-31T11:32:38.317Z,m,3.23,4.22,4,-5.5,141,0.6,201
2025-12-31T11:32:38.960Z,m,3.23,4.22,4,-5.5,82,0.35,201
2025-12-31T11:32:38.960Z,m,3.23,4.22,4,-5.5,82,0.35,201
2025-12-31T11:32:39.605Z,m,3.25,4.22,4,-5.5,142,0.6,201
2025-12-31T11:32:39.605Z,m,3.25,4.22,4,-5.5,142,0.6,201
2025-12-31T11:32:40.250Z,m,3.27,4.22,4,-5.5,143,0.6,201
2025-12-31T11:32:40.251Z,m,3.27,4.22,4,-5.5,143,0.6,201
2025-12-31T11:32:40.895Z,m,3.3,4.22,4,-5.5,138,0.58,201
2025-12-31T11:32:40.896Z,m,3.3,4.22,4,-5.5,138,0.58,201
2025-12-31T11:32:41.540Z,m,3.25,5.13,5,-2.6,126,0.65,250
2025-12-31T11:32:41.541Z,m,3.25,5.13,5,-2.6,126,0.65,250
2025-12-31T11:32:42.185Z,m,3.18,5.13,5,-2.6,127,0.65,250
2025-12-31T11:32:42.186Z,m,3.18,5.13,5,-2.6,127,0.65,250
2025-12-31T11:32:42.830Z,m,3.18,5.13,5,-2.6,119,0.61,250
2025-12-31T11:32:42.831Z,m,3.18,5.13,5,-2.6,119,0.61,250
2025-12-31T11:32:43.475Z,m,3.18,5.13,5,-2.6,106,0.54,250
2025-12-31T11:32:43.476Z,m,3.18,5.13,5,-2.6,106,0.54,250
2025-12-31T11:32:44.120Z,m,3.2,5.13,5,-2.6,140,0.72,250
2025-12-31T11:32:44.121Z,m,3.2,5.13,5,-2.6,140,0.72,250
2025-12-31T11:32:44.767Z,m,3.2,5.13,5,-2.6,114,0.58,250
2025-12-31T11:32:44.768Z,m,3.2,5.13,5,-2.6,114,0.58,250
2025-12-31T11:32:45.411Z,m,3.2,5.13,5,-2.6,135,0.69,250
2025-12-31T11:32:45.411Z,m,3.2,5.13,5,-2.6,135,0.69,250
2025-12-31T11:32:46.056Z,m,3.2,5.13,5,-2.6,128,0.66,250
2025-12-31T11:32:46.056Z,m,3.2,5.13,5,-2.6,128,0.66,250
2025-12-31T11:32:46.701Z,m,3.23,5.13,5,-2.6,86,0.44,250
2025-12-31T11:32:46.701Z,m,3.23,5.13,5,-2.6,86,0.44,250
2025-12-31T11:32:47.345Z,m,3.25,5.13,5,-2.6,108,0.55,250
2025-12-31T11:32:47.345Z,m,3.25,5.13,5,-2.6,108,0.55,250
2025-12-31T11:32:47.990Z,m,3.18,5.13,5,-2.6,145,0.74,250
2025-12-31T11:32:47.990Z,m,3.18,5.13,5,-2.6,145,0.74,250
2025-12-31T11:32:48.634Z,m,3.18,5.13,5,-2.6,82,0.42,250
2025-12-31T11:32:48.634Z,m,3.18,5.13,5,-2.6,82,0.42,250
2025-12-31T11:32:49.279Z,m,3.2,5.13,5,-2.6,115,0.59,250
2025-12-31T11:32:49.279Z,m,3.2,5.13,5,-2.6,115,0.59,250
2025-12-31T11:32:49.924Z,m,3.2,5.13,5,-2.6,107,0.55,250
2025-12-31T11:32:49.924Z,m,3.2,5.13,5,-2.6,107,0.55,250
2025-12-31T11:32:50.569Z,m,3.2,5.13,5,-2.6,140,0.72,250
2025-12-31T11:32:50.570Z,m,3.2,5.13,5,-2.6,140,0.72,250
2025-12-31T11:32:51.214Z,m,3.2,5.13,5,-2.6,137,0.7,250
2025-12-31T11:32:51.215Z,m,3.2,5.13,5,-2.6,137,0.7,250
2025-12-31T11:32:51.859Z,m,3.2,5.13,5,-2.6,143,0.73,250
2025-12-31T11:32:51.860Z,m,3.2,5.13,5,-2.6,143,0.73,250
2025-12-31T11:32:52.505Z,m,3.2,5.13,5,-2.6,124,0.64,250
2025-12-31T11:32:52.505Z,m,3.2,5.13,5,-2.6,124,0.64,250
2025-12-31T11:32:53.149Z,m,3.2,5.13,5,-2.6,122,0.63,250
2025-12-31T11:32:53.150Z,m,3.2,5.13,5,-2.6,122,0.63,250
2025-12-31T11:32:53.793Z,m,3.2,5.13,5,-2.6,81,0.42,250
2025-12-31T11:32:53.794Z,m,3.2,5.13,5,-2.6,81,0.42,250
2025-12-31T11:32:54.438Z,m,0.86,5.13,5,-2.6,123,0.63,250
2025-12-31T11:32:54.439Z,m,0.86,5.13,5,-2.6,123,0.63,250
2025-12-31T11:32:55.082Z,m,1,5.13,5,-2.6,96,0.49,250
2025-12-31T11:32:55.083Z,m,1,5.13,5,-2.6,96,0.49,250
2025-12-31T11:32:55.726Z,m,0.71,5.13,5,-2.6,83,0.43,250
2025-12-31T11:32:55.727Z,m,0.71,5.13,5,-2.6,83,0.43,250
2025-12-31T11:32:56.370Z,m,0.9,5.13,5,-2.6,87,0.45,250
2025-12-31T11:32:56.371Z,m,0.9,5.13,5,-2.6,87,0.45,250
2025-12-31T11:32:57.015Z,m,0.9,5.13,5,-2.6,110,0.56,250
2025-12-31T11:32:57.016Z,m,0.9,5.13,5,-2.6,110,0.56,250
2025-12-31T11:32:57.661Z,m,0.98,5.13,5,-2.6,100,0.51,250
2025-12-31T11:32:57.661Z,m,0.98,5.13,5,-2.6,100,0.51,250
2025-12-31T11:32:58.305Z,m,0.81,5.13,5,-2.6,91,0.47,250
2025-12-31T11:32:58.305Z,m,0.81,5.13,5,-2.6,91,0.47,250
